EXP_ID,Torque,Date,Tiempo_Ejecucion,Angle,RPM,Power,Frecuencia,Caudal
0,0.20132434368133545,2025-07-10 09:54:43.582,0 days 00:00:00,-110750.25,802,16.9082737700355,30,8.594195142857147
1,0.20132434368133545,2025-07-10 09:54:43.682,0 days 00:00:00.100000,-111233.5,805,16.971521676906,30,8.583721590909096
2,0.19886988401412964,2025-07-10 09:54:43.782,0 days 00:00:00.200000,-111715.75,803,16.722961490607698,30,8.590709158008663
3,0.19886988401412964,2025-07-10 09:54:43.882,0 days 00:00:00.300000,-112194.75,798,16.6188334614009,30,8.608087090909095
4,0.19810102880001068,2025-07-10 09:54:43.982,0 days 00:00:00.400000,-112669.0,790,16.3886214854535,30,8.635621428571433
5,0.19810102880001068,2025-07-10 09:54:44.082,0 days 00:00:00.500000,-113141.75,787,16.3263862139898,30,8.645861019480524
6,0.19969789683818817,2025-07-10 09:54:44.182,0 days 00:00:00.600000,-113614.25,787,16.4579916559297,30,8.645861019480524
7,0.19969789683818817,2025-07-10 09:54:44.282,0 days 00:00:00.700000,-114087.75,789,16.4998162852967,30,8.63903982467533
8,0.20040760934352875,2025-07-10 09:54:44.382,0 days 00:00:00.800000,-114563.25,792,16.6214161461996,30,8.628769038961043
9,0.20040760934352875,2025-07-10 09:54:44.482,0 days 00:00:00.899000,-115039.25,793,16.642402782747897,30,8.62533504545455
10,0.19845588505268097,2025-07-10 09:54:44.582,0 days 00:00:01,-115516.0,794,16.5011076276961,30,8.621895852813857
11,0.19845588505268097,2025-07-10 09:54:44.682,0 days 00:00:01.100000,-115995.25,798,16.5842366333772,30,8.608087090909095
12,0.19978660345077515,2025-07-10 09:54:44.782,0 days 00:00:01.200000,-116477.0,802,16.7791271431199,30,8.594195142857147
13,0.19978660345077515,2025-07-10 09:54:44.882,0 days 00:00:01.300000,-116958.25,802,16.7791271431199,30,8.594195142857147
14,0.20040760934352875,2025-07-10 09:54:44.982,0 days 00:00:01.400000,-117440.5,803,16.8522691482302,30,8.590709158008663
15,0.20040760934352875,2025-07-10 09:54:45.082,0 days 00:00:01.500000,-117922.0,802,16.831282511681998,30,8.594195142857147
16,0.19851502776145935,2025-07-10 09:54:45.182,0 days 00:00:01.599000,-118401.25,798,16.5891790373806,30,8.608087090909095
17,0.19851502776145935,2025-07-10 09:54:45.282,0 days 00:00:01.699000,-118880.0,797,16.568390592471598,30,8.611547080086584
18,0.19848544895648956,2025-07-10 09:54:45.382,0 days 00:00:01.799000,-119359.0,798,16.5867078353789,30,8.608087090909095
19,0.19848544895648956,2025-07-10 09:54:45.482,0 days 00:00:01.899000,-119838.25,798,16.5867078353789,30,8.608087090909095
20,0.20079204440116882,2025-07-10 09:54:45.582,0 days 00:00:02,-120317.5,798,16.7794615915111,30,8.608087090909095
21,0.20079204440116882,2025-07-10 09:54:45.682,0 days 00:00:02.099000,-120796.25,797,16.7584346972861,30,8.611547080086584
22,0.20185662806034088,2025-07-10 09:54:45.781,0 days 00:00:02.199000,-121272.75,794,16.783871355484,30,8.621895852813857
23,0.20185662806034088,2025-07-10 09:54:45.881,0 days 00:00:02.299000,-121748.0,792,16.74159460144,30,8.628769038961043
24,0.19889946281909943,2025-07-10 09:54:45.982,0 days 00:00:02.399000,-122222.0,790,16.4546750427168,30,8.635621428571433
25,0.19889946281909943,2025-07-10 09:54:46.082,0 days 00:00:02.499000,-122696.5,790,16.4546750427168,30,8.635621428571433
26,0.20046676695346832,2025-07-10 09:54:46.182,0 days 00:00:02.599000,-123171.5,791,16.6053285592338,30,8.632197833333338
27,0.20046676695346832,2025-07-10 09:54:46.282,0 days 00:00:02.699000,-123646.25,791,16.6053285592338,30,8.632197833333338
28,0.19949088990688324,2025-07-10 09:54:46.381,0 days 00:00:02.799000,-124120.5,790,16.5036036036527,30,8.635621428571433
29,0.19949088990688324,2025-07-10 09:54:46.482,0 days 00:00:02.899000,-124595.0,790,16.5036036036527,30,8.635621428571433
30,0.1995796114206314,2025-07-10 09:54:46.581,0 days 00:00:02.999000,-125070.5,792,16.5527427432052,30,8.628769038961043
31,0.1995796114206314,2025-07-10 09:54:46.681,0 days 00:00:03.099000,-125547.75,795,16.6154425263234,30,8.618451461038966
32,0.19884032011032104,2025-07-10 09:54:46.781,0 days 00:00:03.199000,-126028.0,800,16.6580072775932,30,8.60115151515152
33,0.19884032011032104,2025-07-10 09:54:46.882,0 days 00:00:03.299000,-126508.75,801,16.678829786690198,30,8.597675928571434
34,0.19792358577251434,2025-07-10 09:54:46.981,0 days 00:00:03.399000,-126989.5,801,16.6019345274118,30,8.597675928571434
35,0.19792358577251434,2025-07-10 09:54:47.081,0 days 00:00:03.499000,-127471.5,803,16.643387547455298,30,8.590709158008663
36,0.19952046871185303,2025-07-10 09:54:47.181,0 days 00:00:03.599000,-127952.0,800,16.714987373872898,30,8.60115151515152
37,0.19952046871185303,2025-07-10 09:54:47.281,0 days 00:00:03.699000,-128429.25,795,16.610518702786198,30,8.618451461038966
38,0.19913603365421295,2025-07-10 09:54:47.381,0 days 00:00:03.799000,-128905.5,793,16.536806896713102,30,8.62533504545455
39,0.19913603365421295,2025-07-10 09:54:47.481,0 days 00:00:03.899000,-129384.0,797,16.6202208028756,30,8.611547080086584
40,0.19999361038208008,2025-07-10 09:54:47.581,0 days 00:00:03.999000,-129862.0,796,16.6708525732111,30,8.615001870129875
41,0.19999361038208008,2025-07-10 09:54:47.682,0 days 00:00:04.100000,-130339.25,795,16.6499092910839,30,8.618451461038966
42,0.1999049037694931,2025-07-10 09:54:47.781,0 days 00:00:04.199000,-130817.75,797,16.6843915395661,30,8.611547080086584
43,0.1999049037694931,2025-07-10 09:54:47.881,0 days 00:00:04.299000,-131296.75,798,16.7053255314602,30,8.608087090909095
44,0.1995796114206314,2025-07-10 09:54:47.984,0 days 00:00:04.401000,-131778.75,803,16.782641947972,30,8.590709158008663
45,0.1995796114206314,2025-07-10 09:54:48.081,0 days 00:00:04.499000,-132262.75,806,16.845341731090198,30,8.580220008658014
46,0.20005275309085846,2025-07-10 09:54:48.181,0 days 00:00:04.598000,-132744.5,802,16.8014794439322,30,8.594195142857147
47,0.20005275309085846,2025-07-10 09:54:48.281,0 days 00:00:04.699000,-133225.0,800,16.7595804927005,30,8.60115151515152
48,0.19889946281909943,2025-07-10 09:54:48.381,0 days 00:00:04.799000,-133703.25,797,16.6004759608169,30,8.611547080086584
49,0.19889946281909943,2025-07-10 09:54:48.481,0 days 00:00:04.899000,-134180.0,794,16.5379898530597,30,8.621895852813857
50,0.19978660345077515,2025-07-10 09:54:48.581,0 days 00:00:04.999000,-134656.75,794,16.611754303787,30,8.621895852813857
51,0.19978660345077515,2025-07-10 09:54:48.681,0 days 00:00:05.098000,-135135.25,797,16.6745191185368,30,8.611547080086584
52,0.19919517636299133,2025-07-10 09:54:48.781,0 days 00:00:05.199000,-135613.25,796,16.604297343360898,30,8.615001870129875
53,0.19919517636299133,2025-07-10 09:54:48.881,0 days 00:00:05.299000,-136093.25,800,16.6877360234783,30,8.60115151515152
54,0.19813059270381927,2025-07-10 09:54:48.981,0 days 00:00:05.399000,-136572.0,797,16.5363052241263,30,8.611547080086584
55,0.19813059270381927,2025-07-10 09:54:49.081,0 days 00:00:05.499000,-137048.75,794,16.4740606624294,30,8.621895852813857
56,0.19561699032783508,2025-07-10 09:54:49.181,0 days 00:00:05.598000,-137524.5,792,16.2240914574459,30,8.628769038961043
57,0.19561699032783508,2025-07-10 09:54:49.277,0 days 00:00:05.695000,-138001.25,794,16.2650613853688,30,8.621895852813857
58,0.19600142538547516,2025-07-10 09:54:49.381,0 days 00:00:05.798000,-138478.0,794,16.297025980683898,30,8.621895852813857
59,0.19600142538547516,2025-07-10 09:54:49.481,0 days 00:00:05.898000,-138956.25,797,16.3586016455984,30,8.611547080086584
60,0.19724343717098236,2025-07-10 09:54:49.581,0 days 00:00:05.998000,-139435.5,798,16.4829173513077,30,8.608087090909095
61,0.19724343717098236,2025-07-10 09:54:49.681,0 days 00:00:06.098000,-139914.25,797,16.4622620664063,30,8.611547080086584
62,0.19644500315189362,2025-07-10 09:54:49.781,0 days 00:00:06.199000,-140390.75,794,16.3339082060475,30,8.621895852813857
63,0.19644500315189362,2025-07-10 09:54:49.881,0 days 00:00:06.298000,-140867.0,793,16.313336533243902,30,8.62533504545455
64,0.19316254556179047,2025-07-10 09:54:49.981,0 days 00:00:06.399000,-141343.25,793,16.0407518041773,30,8.62533504545455
65,0.19316254556179047,2025-07-10 09:54:50.081,0 days 00:00:06.499000,-141817.75,790,15.9800680016394,30,8.635621428571433
66,0.18908163905143738,2025-07-10 09:54:50.181,0 days 00:00:06.598000,-142291.25,789,15.6226603477251,30,8.63903982467533
67,0.18908163905143738,2025-07-10 09:54:50.281,0 days 00:00:06.699000,-142765.0,789,15.6226603477251,30,8.63903982467533
68,0.18420231342315674,2025-07-10 09:54:50.381,0 days 00:00:06.798000,-143235.5,784,15.123062579638,30,8.656053818181823
69,0.18420231342315674,2025-07-10 09:54:50.481,0 days 00:00:06.898000,-143705.5,783,15.1037729590007,30,8.659441019480523
70,0.17627708613872528,2025-07-10 09:54:50.581,0 days 00:00:06.998000,-144173.25,779,14.3801009622937,30,8.672937833333338
71,0.17627708613872528,2025-07-10 09:54:50.680,0 days 00:00:07.098000,-144640.75,779,14.3801009622937,30,8.672937833333338
72,0.16149121522903442,2025-07-10 09:54:50.781,0 days 00:00:07.198000,-145110.5,782,13.2246529957942,30,8.662823021645027
73,0.16149121522903442,2025-07-10 09:54:50.880,0 days 00:00:07.298000,-145579.75,782,13.2246529957942,30,8.662823021645027
74,0.1253841370344162,2025-07-10 09:54:50.981,0 days 00:00:07.398000,-146045.0,775,10.175901976905699,30,8.686351461038965
75,0.1253841370344162,2025-07-10 09:54:51.081,0 days 00:00:07.498000,-146507.0,770,10.1102509964095,30,8.70300151515152
76,0.06677296757698059,2025-07-10 09:54:51.180,0 days 00:00:07.598000,-146964.75,762,5.32824596404628,30,8.729371246753251
77,0.06677296757698059,2025-07-10 09:54:51.281,0 days 00:00:07.698000,-147418.0,755,5.27929882264428,30,8.75217180735931
78,-0.045233916491270065,2025-07-10 09:54:51.380,0 days 00:00:07.798000,-147864.75,744,3.5242421331847003,30,8.787486545454549
79,-0.045233916491270065,2025-07-10 09:54:51.480,0 days 00:00:07.898000,-148307.5,737,3.49108394107141,30,8.809632015151518
80,-0.21067023277282715,2025-07-10 09:54:51.580,0 days 00:00:07.998000,-148745.5,730,16.1047744784404,30,8.83152272727273
81,-0.21067023277282715,2025-07-10 09:54:51.680,0 days 00:00:08.098000,-149180.25,724,15.972406469028599,30,8.850083428571432
82,-0.3092449903488159,2025-07-10 09:54:51.780,0 days 00:00:08.198000,-149611.75,719,23.2841389235219,30,8.865407703463207
83,-0.3092449903488159,2025-07-10 09:54:51.880,0 days 00:00:08.298000,-150037.25,709,22.9602983265327,30,8.89566631818182
84,-0.3768485486507416,2025-07-10 09:54:51.980,0 days 00:00:08.398000,-150455.75,697,27.5060499088179,30,8.931290370129872
85,-0.3768485486507416,2025-07-10 09:54:52.080,0 days 00:00:08.498000,-150865.0,682,26.914097615227902,30,8.974767610389613
86,-0.5267305374145508,2025-07-10 09:54:52.180,0 days 00:00:08.598000,-151263.25,663,36.5704785835947,30,9.028159461038964
87,-0.5267305374145508,2025-07-10 09:54:52.280,0 days 00:00:08.698000,-151662.0,664,36.625637676481,30,9.025396155844158
88,-0.7272327542304993,2025-07-10 09:54:52.380,0 days 00:00:08.798000,-152070.5,680,51.7858324742267,30,8.980476190476192
89,-0.7272327542304993,2025-07-10 09:54:52.480,0 days 00:00:08.898000,-152484.5,690,52.5473888341418,30,8.951725324675328
90,-0.5516284108161926,2025-07-10 09:54:52.580,0 days 00:00:08.998000,-152896.75,687,39.685512595849204,30,8.960405175324677
91,-0.5516284108161926,2025-07-10 09:54:52.680,0 days 00:00:09.098000,-153302.5,676,39.0500822631645,30,8.991830961038964
92,-0.41507476568222046,2025-07-10 09:54:52.780,0 days 00:00:09.198000,-153705.0,670,29.1225736473779,30,9.008707142857146
93,-0.41507476568222046,2025-07-10 09:54:52.880,0 days 00:00:09.298000,-154113.5,680,29.557238925697,30,8.980476190476192
94,-0.6048868298530579,2025-07-10 09:54:52.982,0 days 00:00:09.400000,-154529.75,693,43.8971152454265,30,8.942998681818185
95,-0.6048868298530579,2025-07-10 09:54:53.080,0 days 00:00:09.498000,-154952.0,703,44.530551251854,30,8.913571928571432
96,-0.431233674287796,2025-07-10 09:54:53.180,0 days 00:00:09.598000,-155378.0,710,32.0626652452454,30,8.892663852813856
97,-0.431233674287796,2025-07-10 09:54:53.280,0 days 00:00:09.698000,-155806.75,714,32.2432999790214,30,8.880602000000003
98,-0.25837743282318115,2025-07-10 09:54:53.380,0 days 00:00:09.798000,-156237.75,718,19.4270860419145,30,8.868456961038964
99,-0.25837743282318115,2025-07-10 09:54:53.480,0 days 00:00:09.898000,-156672.0,723,19.5623721564125,30,8.853158681818185
100,-0.24656057357788086,2025-07-10 09:54:53.580,0 days 00:00:09.998000,-157107.0,725,18.719327568075197,30,8.84700297619048
101,-0.24656057357788086,2025-07-10 09:54:53.680,0 days 00:00:10.098000,-157540.25,722,18.6418682815866,30,8.856228735930738
102,-0.2598339319229126,2025-07-10 09:54:53.780,0 days 00:00:10.197000,-157971.5,718,19.5365984393002,30,8.868456961038964
103,-0.2598339319229126,2025-07-10 09:54:53.880,0 days 00:00:10.298000,-158400.75,715,19.454969197910398,30,8.877573538961043
104,-0.2909700572490692,2025-07-10 09:54:53.980,0 days 00:00:10.398000,-158826.25,709,21.603451406854003,30,8.89566631818182
105,-0.2909700572490692,2025-07-10 09:54:54.080,0 days 00:00:10.498000,-159247.25,701,21.3596889086102,30,8.919498872294376
106,-0.35923314094543457,2025-07-10 09:54:54.183,0 days 00:00:10.601000,-159663.5,693,26.0698328330479,30,8.942998681818185
107,-0.35923314094543457,2025-07-10 09:54:54.280,0 days 00:00:10.698000,-160076.0,687,25.8441199946665,30,8.960405175324677
108,-0.45734071731567383,2025-07-10 09:54:54.380,0 days 00:00:10.798000,-160485.5,682,32.6627588793569,30,8.974767610389613
109,-0.45734071731567383,2025-07-10 09:54:54.480,0 days 00:00:10.897000,-160893.75,680,32.5669736627019,30,8.980476190476192
110,-0.5120006799697876,2025-07-10 09:54:54.580,0 days 00:00:10.998000,-161300.75,678,36.3520437410348,30,8.986163974025976
111,-0.5120006799697876,2025-07-10 09:54:54.680,0 days 00:00:11.098000,-161705.75,675,36.1911939899682,30,8.994656655844159
112,-0.5029593706130981,2025-07-10 09:54:54.780,0 days 00:00:11.197000,-162108.75,671,35.3414239464175,30,9.005907443722947
113,-0.5029593706130981,2025-07-10 09:54:54.880,0 days 00:00:11.297000,-162510.5,669,35.2360843817486,30,9.011501642857146
114,-0.4982875883579254,2025-07-10 09:54:54.980,0 days 00:00:11.397000,-162912.25,669,34.9087904059593,30,9.011501642857146
115,-0.4982875883579254,2025-07-10 09:54:55.080,0 days 00:00:11.497000,-163314.0,669,34.9087904059593,30,9.011501642857146
116,-0.4926539659500122,2025-07-10 09:54:55.180,0 days 00:00:11.597000,-163716.0,670,34.565702977790295,30,9.008707142857146
117,-0.4926539659500122,2025-07-10 09:54:55.279,0 days 00:00:11.697000,-164117.5,669,34.5141123763309,30,9.011501642857146
118,-0.4879821538925171,2025-07-10 09:54:55.380,0 days 00:00:11.797000,-164517.0,665,33.9824129093574,30,9.022627651515155
119,-0.4879821538925171,2025-07-10 09:54:55.480,0 days 00:00:11.898000,-164914.5,662,33.8291087909694,30,9.03091756709957
120,-0.5255488753318787,2025-07-10 09:54:55.580,0 days 00:00:11.997000,-165310.0,659,36.2682935494985,30,9.039160690476193
121,-0.5255488753318787,2025-07-10 09:54:55.680,0 days 00:00:12.097000,-165705.75,659,36.2682935494985,30,9.039160690476193
122,-0.5822698473930359,2025-07-10 09:54:55.779,0 days 00:00:12.197000,-166100.25,657,40.0606790352564,30,9.044630110389612
123,-0.5822698473930359,2025-07-10 09:54:55.880,0 days 00:00:12.297000,-166495.5,658,40.121654193605295,30,9.041898000000002
124,-0.6018089652061462,2025-07-10 09:54:55.980,0 days 00:00:12.397000,-166891.0,659,41.5310270048351,30,9.039160690476193
125,-0.6018089652061462,2025-07-10 09:54:56.079,0 days 00:00:12.497000,-167285.75,657,41.404984434259,30,9.044630110389612
126,-0.6078273057937622,2025-07-10 09:54:56.172,0 days 00:00:12.589000,-167679.75,656,41.7554016589314,30,9.047357021645023
127,-0.6078273057937622,2025-07-10 09:54:56.279,0 days 00:00:12.697000,-168073.5,656,41.7554016589314,30,9.047357021645023
128,-0.6127464175224304,2025-07-10 09:54:56.380,0 days 00:00:12.797000,-168467.75,657,42.1574929417175,30,9.044630110389612
129,-0.6127464175224304,2025-07-10 09:54:56.480,0 days 00:00:12.897000,-168862.0,657,42.1574929417175,30,9.044630110389612
130,-0.6090089678764343,2025-07-10 09:54:56.579,0 days 00:00:12.997000,-169257.75,659,42.0279049022399,30,9.039160690476193
131,-0.6090089678764343,2025-07-10 09:54:56.679,0 days 00:00:13.097000,-169655.0,662,42.2192307212182,30,9.03091756709957
132,-0.5804561376571655,2025-07-10 09:54:56.779,0 days 00:00:13.197000,-170054.0,665,40.4221729724304,30,9.022627651515155
133,-0.5804561376571655,2025-07-10 09:54:56.880,0 days 00:00:13.297000,-170455.0,668,40.6045286399752,30,9.014290943722946
134,-0.5391245484352112,2025-07-10 09:54:56.979,0 days 00:00:13.397000,-170857.5,670,37.8261817938467,30,9.008707142857146
135,-0.5391245484352112,2025-07-10 09:54:57.079,0 days 00:00:13.497000,-171260.0,670,37.8261817938467,30,9.008707142857146
136,-0.5305778980255127,2025-07-10 09:54:57.179,0 days 00:00:13.597000,-171661.5,669,37.170969356268294,30,9.011501642857146
137,-0.5305778980255127,2025-07-10 09:54:57.279,0 days 00:00:13.697000,-172062.25,667,37.059845382108996,30,9.017075045454547
138,-0.5396741628646851,2025-07-10 09:54:57.379,0 days 00:00:13.797000,-172463.25,668,37.751715435651704,30,9.014290943722946
139,-0.5396741628646851,2025-07-10 09:54:57.480,0 days 00:00:13.897000,-172864.5,668,37.751715435651704,30,9.014290943722946
140,-0.5396741628646851,2025-07-10 09:54:57.580,0 days 00:00:13.997000,-173263.5,665,37.5821718034556,30,9.022627651515155
141,-0.5396741628646851,2025-07-10 09:54:57.679,0 days 00:00:14.097000,-173658.25,657,37.1300554509329,30,9.044630110389612
142,-0.5882058143615723,2025-07-10 09:54:57.779,0 days 00:00:14.197000,-174043.0,641,39.4835273476409,30,9.087636794372296
143,-0.5882058143615723,2025-07-10 09:54:57.879,0 days 00:00:14.297000,-174413.5,617,38.005204950849304,30,9.149651235930738
144,-0.7930500507354736,2025-07-10 09:54:57.979,0 days 00:00:14.397000,-174778.5,608,50.493186744259496,30,9.172134580086581
145,-0.7930500507354736,2025-07-10 09:54:58.079,0 days 00:00:14.497000,-175144.5,610,50.659282753286696,30,9.167174675324677
146,-1.0073752403259277,2025-07-10 09:54:58.179,0 days 00:00:14.597000,-175514.5,616,64.98312676193619,30,9.152170181818184
147,-1.0073752403259277,2025-07-10 09:54:58.279,0 days 00:00:14.697000,-175889.0,624,65.82706347313021,30,9.131873038961041
148,-0.8823636770248413,2025-07-10 09:54:58.379,0 days 00:00:14.797000,-176266.25,628,58.0277686105457,30,9.12159968831169
149,-0.8823636770248413,2025-07-10 09:54:58.479,0 days 00:00:14.897000,-176647.0,634,58.5821740431305,30,9.10603368831169
150,-0.7744178175926208,2025-07-10 09:54:58.579,0 days 00:00:14.997000,-177031.75,641,51.9830779600317,30,9.087636794372296
151,-0.7744178175926208,2025-07-10 09:54:58.679,0 days 00:00:15.096000,-177418.25,644,52.226368496506105,30,9.079674424242427
152,-0.7375931143760681,2025-07-10 09:54:58.779,0 days 00:00:15.197000,-177806.25,646,49.897409833648204,30,9.074340181818183
153,-0.7375931143760681,2025-07-10 09:54:58.879,0 days 00:00:15.296000,-178195.25,648,50.051890978644,30,9.068985142857144
154,-0.7210494875907898,2025-07-10 09:54:58.979,0 days 00:00:15.396000,-178583.75,647,48.8537584708071,30,9.071665261904764
155,-0.7210494875907898,2025-07-10 09:54:59.079,0 days 00:00:15.497000,-178970.75,645,48.702742215874096,30,9.077009902597405
156,-0.7346526384353638,2025-07-10 09:54:59.179,0 days 00:00:15.597000,-179355.5,641,49.3138262280173,30,9.087636794372296
157,-0.7346526384353638,2025-07-10 09:54:59.275,0 days 00:00:15.693000,-179738.0,637,49.006095643131104,30,9.098180500000002
158,-0.8037127256393433,2025-07-10 09:54:59.379,0 days 00:00:15.796000,-180117.75,632,53.192025299144696,30,9.111243151515154
159,-0.8037127256393433,2025-07-10 09:54:59.479,0 days 00:00:15.896000,-180495.0,628,52.8553669111754,30,9.12159968831169
160,-0.8480122685432434,2025-07-10 09:54:59.579,0 days 00:00:15.996000,-180871.75,627,55.6798796762313,30,9.124175824675326
161,-0.8480122685432434,2025-07-10 09:54:59.679,0 days 00:00:16.097000,-181247.75,626,55.591076040383996,30,9.126746761904764
162,-0.827731192111969,2025-07-10 09:54:59.779,0 days 00:00:16.196000,-181622.75,625,54.1748799282082,30,9.129312500000001
163,-0.827731192111969,2025-07-10 09:54:59.879,0 days 00:00:16.297000,-181995.5,621,53.8281606966677,30,9.139523461038962
164,-0.8293800354003906,2025-07-10 09:54:59.979,0 days 00:00:16.396000,-182366.25,617,53.5879782011135,30,9.149651235930738
165,-0.8293800354003906,2025-07-10 09:55:00.079,0 days 00:00:16.497000,-182738.25,620,53.8485356315889,30,9.142063203463206
166,-0.8339694142341614,2025-07-10 09:55:00.178,0 days 00:00:16.596000,-183112.75,624,54.4958369538992,30,9.131873038961041
167,-0.8339694142341614,2025-07-10 09:55:00.279,0 days 00:00:16.696000,-183488.0,625,54.5831700259407,30,9.129312500000001
168,-0.8050592541694641,2025-07-10 09:55:00.379,0 days 00:00:16.797000,-183863.75,626,52.775311834955296,30,9.126746761904764
169,-0.8050592541694641,2025-07-10 09:55:00.478,0 days 00:00:16.896000,-184241.0,628,52.943923054875306,30,9.12159968831169
170,-0.7680147290229797,2025-07-10 09:55:00.579,0 days 00:00:16.997000,-184619.5,630,50.668578097890595,30,9.11643181818182
171,-0.7680147290229797,2025-07-10 09:55:00.678,0 days 00:00:17.096000,-184995.5,626,50.346872840126196,30,9.126746761904764
172,-0.7856301069259644,2025-07-10 09:55:00.780,0 days 00:00:17.198000,-185369.0,622,51.1725584443611,30,9.136978519480522
173,-0.7856301069259644,2025-07-10 09:55:00.879,0 days 00:00:17.296000,-185741.75,621,51.090287450077504,30,9.139523461038962
174,-0.8364701867103577,2025-07-10 09:55:00.979,0 days 00:00:17.396000,-186112.5,617,54.046086165854604,30,9.149651235930738
175,-0.8364701867103577,2025-07-10 09:55:01.079,0 days 00:00:17.496000,-186480.0,612,53.608111399518705,30,9.162193974025977
176,-0.8676062822341919,2025-07-10 09:55:01.179,0 days 00:00:17.597000,-186846.0,610,55.4218662348054,30,9.167174675324677
177,-0.8676062822341919,2025-07-10 09:55:01.279,0 days 00:00:17.696000,-187210.25,607,55.1492996795523,30,9.174606733766236
178,-0.9033042788505554,2025-07-10 09:55:01.378,0 days 00:00:17.796000,-187572.25,603,57.0400619842679,30,9.18444335714286
179,-0.9033042788505554,2025-07-10 09:55:01.478,0 days 00:00:17.896000,-187933.75,602,56.945468183299,30,9.186889515151517
180,-0.9360617399215698,2025-07-10 09:55:01.578,0 days 00:00:17.996000,-188295.75,603,59.1085668180143,30,9.18444335714286
181,-0.9360617399215698,2025-07-10 09:55:01.678,0 days 00:00:18.096000,-188660.25,607,59.5006634469896,30,9.174606733766236
182,-0.9440038204193115,2025-07-10 09:55:01.779,0 days 00:00:18.197000,-189025.75,609,60.2032101966562,30,9.16965722727273
183,-0.9440038204193115,2025-07-10 09:55:01.878,0 days 00:00:18.296000,-189389.75,606,59.906642658741596,30,9.17707368831169
184,-0.9187761545181274,2025-07-10 09:55:01.978,0 days 00:00:18.396000,-189753.0,605,58.2094767695654,30,9.179535443722946
185,-0.9187761545181274,2025-07-10 09:55:02.078,0 days 00:00:18.496000,-190115.25,603,58.017048747186706,30,9.18444335714286
186,-0.9227609038352966,2025-07-10 09:55:02.178,0 days 00:00:18.596000,-190475.5,600,57.9787766766335,30,9.191766233766236
187,-0.9227609038352966,2025-07-10 09:55:02.278,0 days 00:00:18.696000,-190834.0,597,57.6888827932503,30,9.199042318181819
188,-0.954144299030304,2025-07-10 09:55:02.378,0 days 00:00:18.796000,-191191.75,596,59.550984931739904,30,9.201457281385283
189,-0.954144299030304,2025-07-10 09:55:02.478,0 days 00:00:18.896000,-191549.0,595,59.4510671717873,30,9.203867045454547
190,-0.9734910130500793,2025-07-10 09:55:02.578,0 days 00:00:18.996000,-191905.75,594,60.554582856130004,30,9.206271610389612
191,-0.9734910130500793,2025-07-10 09:55:02.678,0 days 00:00:19.096000,-192262.25,594,60.554582856130004,30,9.206271610389612
192,-0.9998179078102112,2025-07-10 09:55:02.778,0 days 00:00:19.196000,-192617.25,591,61.8781075482024,30,9.213454110389613
193,-0.9998179078102112,2025-07-10 09:55:02.878,0 days 00:00:19.296000,-192971.5,590,61.773406858611494,30,9.21583787878788
194,-1.0445022583007812,2025-07-10 09:55:02.978,0 days 00:00:19.396000,-193325.5,590,64.534210540435,30,9.21583787878788
195,-1.0445022583007812,2025-07-10 09:55:03.079,0 days 00:00:19.496000,-193681.75,593,64.86235059403039,30,9.208670976190477
196,-1.035351037979126,2025-07-10 09:55:03.178,0 days 00:00:19.596000,-194039.75,596,64.6193363278603,30,9.201457281385283
197,-1.035351037979126,2025-07-10 09:55:03.278,0 days 00:00:19.696000,-194398.0,597,64.7277580331084,30,9.199042318181819
198,-1.003363013267517,2025-07-10 09:55:03.378,0 days 00:00:19.796000,-194755.0,595,62.5177970480742,30,9.203867045454547
199,-1.003363013267517,2025-07-10 09:55:03.478,0 days 00:00:19.895000,-195108.5,589,61.8873654812029,30,9.21821644805195
200,-1.0115798711776733,2025-07-10 09:55:03.578,0 days 00:00:19.996000,-195458.25,582,61.652653713230805,30,9.23472085714286
201,-1.0115798711776733,2025-07-10 09:55:03.678,0 days 00:00:20.096000,-195803.25,575,60.9111269503569,30,9.25097050865801
202,-1.114056944847107,2025-07-10 09:55:03.778,0 days 00:00:20.195000,-196144.25,568,66.2650209725724,30,9.266965402597403
203,-1.114056944847107,2025-07-10 09:55:03.878,0 days 00:00:20.296000,-196483.75,565,65.9150296646187,30,9.273742370129872
204,-1.2088392972946167,2025-07-10 09:55:03.978,0 days 00:00:20.395000,-196821.25,562,71.1432178206904,30,9.280472545454547
205,-1.2088392972946167,2025-07-10 09:55:04.078,0 days 00:00:20.496000,-197157.0,559,70.7634497540319,30,9.28715592857143
206,-1.2173309326171875,2025-07-10 09:55:04.178,0 days 00:00:20.595000,-197487.25,550,70.1132303266354,30,9.306925324675326
207,-1.2173309326171875,2025-07-10 09:55:04.278,0 days 00:00:20.695000,-197809.0,536,68.328529918321,30,9.33684065800866
208,-1.283340573310852,2025-07-10 09:55:04.378,0 days 00:00:20.796000,-198123.25,523,70.2865525308021,30,9.363706733766234
209,-1.283340573310852,2025-07-10 09:55:04.478,0 days 00:00:20.895000,-198436.75,522,70.1521614169764,30,9.365736961038962
210,-1.4435830116271973,2025-07-10 09:55:04.578,0 days 00:00:20.996000,-198751.5,524,79.21394825697101,30,9.361671307359309
211,-1.4435830116271973,2025-07-10 09:55:04.678,0 days 00:00:21.095000,-199064.75,522,78.91160494301309,30,9.365736961038962
212,-1.430639386177063,2025-07-10 09:55:04.778,0 days 00:00:21.196000,-199373.5,514,77.0055297811343,30,9.38179161038961
213,-1.430639386177063,2025-07-10 09:55:04.878,0 days 00:00:21.295000,-199676.25,504,75.5073677231356,30,9.401392000000001
214,-1.4666945934295654,2025-07-10 09:55:04.978,0 days 00:00:21.395000,-199972.5,493,75.720806677698,30,9.422351928571429
215,-1.4666945934295654,2025-07-10 09:55:05.078,0 days 00:00:21.495000,-262.5,483,74.1848876781504,30,9.4408605
216,-1.6221277713775635,2025-07-10 09:55:05.178,0 days 00:00:21.595000,-550.25,479,81.3671673505021,30,9.448118352813854
217,-1.6221277713775635,2025-07-10 09:55:05.277,0 days 00:00:21.695000,-837.25,478,81.1972985251357,30,9.449919818181819
218,-1.6842350959777832,2025-07-10 09:55:05.378,0 days 00:00:21.795000,-1123.5,477,84.1297725449331,30,9.451716084415585
219,-1.6842350959777832,2025-07-10 09:55:05.479,0 days 00:00:21.897000,-1409.0,475,83.77702716738621,30,9.45529301948052
220,-1.6783267259597778,2025-07-10 09:55:05.578,0 days 00:00:21.995000,-1697.0,480,84.3619000344358,30,9.446311688311688
221,-1.6783267259597778,2025-07-10 09:55:05.677,0 days 00:00:22.095000,-1987.75,484,85.0649158680561,30,9.439033038961039
222,-1.615999460220337,2025-07-10 09:55:05.777,0 days 00:00:22.195000,-2277.75,483,81.7366760043082,30,9.4408605
223,-1.615999460220337,2025-07-10 09:55:05.878,0 days 00:00:22.295000,-2572.0,490,82.92126551161701,30,9.427959090909091
224,-1.5624388456344604,2025-07-10 09:55:05.978,0 days 00:00:22.395000,-2872.0,500,81.80910486901149,30,9.40908658008658
225,-1.5624388456344604,2025-07-10 09:55:06.078,0 days 00:00:22.495000,-3172.75,501,81.97272307874951,30,9.407170733766234
226,-1.4933513402938843,2025-07-10 09:55:06.177,0 days 00:00:22.595000,-3472.5,499,78.03530719464551,30,9.410997227272727
227,-1.4933513402938843,2025-07-10 09:55:06.280,0 days 00:00:22.698000,-3770.5,496,77.5661570511908,30,9.416697974025974
228,-1.5032169818878174,2025-07-10 09:55:06.378,0 days 00:00:22.795000,-4066.25,492,77.4489263521864,30,9.424226181818183
229,-1.5032169818878174,2025-07-10 09:55:06.478,0 days 00:00:22.896000,-4360.75,490,77.13409331823439,30,9.427959090909091
230,-1.5814282894134521,2025-07-10 09:55:06.577,0 days 00:00:22.995000,-4654.25,489,80.9817155979015,30,9.429817746753248
231,-1.5814282894134521,2025-07-10 09:55:06.680,0 days 00:00:23.097000,-4949.5,492,81.4785359389929,30,9.424226181818183
232,-1.5798343420028687,2025-07-10 09:55:06.781,0 days 00:00:23.199000,-5246.0,494,81.7272943252344,30,9.420472476190477
233,-1.5798343420028687,2025-07-10 09:55:06.880,0 days 00:00:23.298000,-5839.5,494,81.7272943252344,30,9.420472476190477
234,-1.5800267457962036,2025-07-10 09:55:06.977,0 days 00:00:23.395000,-6137.25,496,82.06816583534001,30,9.416697974025974
235,-1.5800267457962036,2025-07-10 09:55:07.077,0 days 00:00:23.495000,-6437.5,500,82.73000588239921,30,9.40908658008658
236,-1.594646692276001,2025-07-10 09:55:07.177,0 days 00:00:23.595000,-6742.25,507,84.66444191767499,30,9.395566474025975
237,-1.594646692276001,2025-07-10 09:55:07.277,0 days 00:00:23.695000,-7049.75,512,85.4993969661727,30,9.385753281385282
238,-1.552408218383789,2025-07-10 09:55:07.377,0 days 00:00:23.795000,-7356.5,511,83.0721493870295,30,9.38772631818182
239,-1.552408218383789,2025-07-10 09:55:07.477,0 days 00:00:23.895000,-7662.25,509,82.7470137729903,30,9.391656794372295
240,-1.4962093830108643,2025-07-10 09:55:07.577,0 days 00:00:23.995000,-7967.0,507,79.4381157083392,30,9.395566474025975
241,-1.4962093830108643,2025-07-10 09:55:07.677,0 days 00:00:24.095000,-8270.5,505,79.1247503603774,30,9.399455357142857
242,-1.511021614074707,2025-07-10 09:55:07.777,0 days 00:00:24.195000,-8572.5,503,79.5916097625611,30,9.403323443722945
243,-1.511021614074707,2025-07-10 09:55:07.877,0 days 00:00:24.295000,-8871.75,498,78.8004406794343,30,9.412902675324675
244,-1.5351500511169434,2025-07-10 09:55:07.977,0 days 00:00:24.395000,-8871.75,498,80.05874831286499,30,9.412902675324675
245,-1.5351500511169434,2025-07-10 09:55:08.077,0 days 00:00:24.495000,-9167.5,492,79.0941850801799,30,9.424226181818183
246,-1.57966947555542,2025-07-10 09:55:08.177,0 days 00:00:24.595000,-9755.5,490,81.0570740789537,30,9.427959090909091
247,-1.57966947555542,2025-07-10 09:55:08.277,0 days 00:00:24.695000,-10049.75,490,81.0570740789537,30,9.427959090909091
248,-1.6182254552841187,2025-07-10 09:55:08.377,0 days 00:00:24.795000,-10343.5,489,82.86602583989219,30,9.429817746753248
249,-1.6182254552841187,2025-07-10 09:55:08.477,0 days 00:00:24.895000,-10637.25,489,82.86602583989219,30,9.429817746753248
250,-1.5978070497512817,2025-07-10 09:55:08.577,0 days 00:00:24.994000,-10932.25,491,82.1550816241099,30,9.426095235930736
251,-1.5978070497512817,2025-07-10 09:55:08.677,0 days 00:00:25.095000,-11228.25,493,82.4897255411124,30,9.422351928571429
252,-1.5786526203155518,2025-07-10 09:55:08.777,0 days 00:00:25.195000,-11524.25,493,81.50084764385831,30,9.422351928571429
253,-1.5786526203155518,2025-07-10 09:55:08.877,0 days 00:00:25.294000,-11820.0,492,81.3355315228768,30,9.424226181818183
254,-1.578542709350586,2025-07-10 09:55:08.977,0 days 00:00:25.394000,-12113.75,489,80.8339541524878,30,9.429817746753248
255,-1.578542709350586,2025-07-10 09:55:09.077,0 days 00:00:25.494000,-12405.25,485,80.17273571361271,30,9.437200378787878
256,-1.5964604616165161,2025-07-10 09:55:09.177,0 days 00:00:25.595000,-12694.25,481,80.4140348016459,30,9.444499824675326
257,-1.5964604616165161,2025-07-10 09:55:09.274,0 days 00:00:25.691000,-12981.0,477,79.7453110195116,30,9.451716084415585
258,-1.6251232624053955,2025-07-10 09:55:09.377,0 days 00:00:25.794000,-13266.0,475,80.8366909551872,30,9.45529301948052
259,-1.6251232624053955,2025-07-10 09:55:09.476,0 days 00:00:25.894000,-13547.75,469,79.8155959115427,30,9.465899045454545
260,-1.656396746635437,2025-07-10 09:55:09.577,0 days 00:00:25.994000,-13827.75,466,80.8311770603694,30,9.47113187012987
261,-1.656396746635437,2025-07-10 09:55:09.677,0 days 00:00:26.094000,-14105.75,463,80.31080467586061,30,9.476317902597403
262,-1.6910779476165771,2025-07-10 09:55:09.777,0 days 00:00:26.195000,-14382.5,461,81.6381511071383,30,9.479749261904763
263,-1.6910779476165771,2025-07-10 09:55:09.877,0 days 00:00:26.294000,-14660.5,463,81.99232963688729,30,9.476317902597403
264,-1.7284797430038452,2025-07-10 09:55:09.977,0 days 00:00:26.395000,-14940.0,465,84.16777697862909,30,9.472865746753246
265,-1.7284797430038452,2025-07-10 09:55:10.076,0 days 00:00:26.494000,-15220.75,467,84.52978892262331,30,9.469392794372295
266,-1.7400767803192139,2025-07-10 09:55:10.177,0 days 00:00:26.594000,-15501.25,467,85.0969315673495,30,9.469392794372295
267,-1.7400767803192139,2025-07-10 09:55:10.277,0 days 00:00:26.694000,-15779.5,463,84.3680499265157,30,9.476317902597403
268,-1.7232308387756348,2025-07-10 09:55:10.376,0 days 00:00:26.794000,-16058.0,464,83.7317274709745,30,9.474594424242424
269,-1.7232308387756348,2025-07-10 09:55:10.477,0 days 00:00:26.894000,-16337.75,466,84.0926400893839,30,9.47113187012987
270,-1.727270483970642,2025-07-10 09:55:10.576,0 days 00:00:26.994000,-16618.0,467,84.4706555663014,30,9.469392794372295
271,-1.727270483970642,2025-07-10 09:55:10.677,0 days 00:00:27.094000,-16895.25,462,83.5662588257629,30,9.478036181818181
272,-1.7217193841934204,2025-07-10 09:55:10.777,0 days 00:00:27.194000,-17162.25,445,80.2326230576396,30,9.506451461038962
273,-1.7217193841934204,2025-07-10 09:55:10.876,0 days 00:00:27.294000,-17422.75,434,78.2493447348664,30,9.524037151515152
274,-1.7683273553848267,2025-07-10 09:55:10.977,0 days 00:00:27.394000,-17680.5,429,79.4417072222915,30,9.531822681818182
275,-1.7683273553848267,2025-07-10 09:55:11.076,0 days 00:00:27.494000,-17936.0,425,78.70099200343569,30,9.537957521645021
276,-1.954594373703003,2025-07-10 09:55:11.177,0 days 00:00:27.595000,-18189.5,422,86.3769177861985,30,9.54250406060606
277,-1.954594373703003,2025-07-10 09:55:11.278,0 days 00:00:27.696000,-18444.0,424,86.78628706480609,30,9.539478233766234
278,-1.9650096893310547,2025-07-10 09:55:11.376,0 days 00:00:27.794000,-18698.25,423,87.04296519976249,30,9.540993746753246
279,-1.9650096893310547,2025-07-10 09:55:11.476,0 days 00:00:27.894000,-18952.0,422,86.83718986832089,30,9.54250406060606
280,-1.9515713453292847,2025-07-10 09:55:11.576,0 days 00:00:27.994000,-19207.0,425,86.8564338216851,30,9.537957521645021
281,-1.9515713453292847,2025-07-10 09:55:11.676,0 days 00:00:28.094000,-19464.0,428,87.4695380604264,30,9.53336419047619
282,-1.9173848628997803,2025-07-10 09:55:11.770,0 days 00:00:28.188000,-19719.5,425,85.3349326786286,30,9.537957521645021
283,-1.9173848628997803,2025-07-10 09:55:11.877,0 days 00:00:28.294000,-19975.0,425,85.3349326786286,30,9.537957521645021
284,-1.8774548768997192,2025-07-10 09:55:11.970,0 days 00:00:28.388000,-20230.75,426,83.7544161696919,30,9.53643161038961
285,-1.8774548768997192,2025-07-10 09:55:12.076,0 days 00:00:28.494000,-20482.5,419,82.3781698946031,30,9.547003807359307
286,-1.9057328701019287,2025-07-10 09:55:12.177,0 days 00:00:28.594000,-20727.0,407,81.22412840059789,30,9.564534872294372
287,-1.9057328701019287,2025-07-10 09:55:12.276,0 days 00:00:28.694000,-20961.75,391,78.0310422718275,30,9.586745019480519
288,-1.9882861375808716,2025-07-10 09:55:12.376,0 days 00:00:28.794000,-21186.0,373,77.66338980912629,30,9.6101405
289,-1.9882861375808716,2025-07-10 09:55:12.477,0 days 00:00:28.894000,-21403.75,362,75.3730485547017,30,9.623608476190476
290,-2.180049419403076,2025-07-10 09:55:12.576,0 days 00:00:28.994000,-21621.0,362,82.642514530496,30,9.623608476190476
291,-2.180049419403076,2025-07-10 09:55:12.673,0 days 00:00:29.090000,-21842.0,368,84.0122799647032,30,9.616340294372295
292,-2.308358669281006,2025-07-10 09:55:12.778,0 days 00:00:29.196000,-22072.0,383,92.5828812266819,30,9.597350976190477
293,-2.308358669281006,2025-07-10 09:55:12.878,0 days 00:00:29.296000,-22308.25,393,95.0001888305117,30,9.584041538961038
294,-2.173426389694214,2025-07-10 09:55:12.979,0 days 00:00:29.397000,-22544.75,394,89.67467007077171,30,9.582682
295,-2.173426389694214,2025-07-10 09:55:13.078,0 days 00:00:29.495000,-22780.5,392,89.2194686998541,30,9.585395878787878
296,-1.930246114730835,2025-07-10 09:55:13.180,0 days 00:00:29.598000,-23020.5,400,80.85395784918829,30,9.574415584415584
297,-1.930246114730835,2025-07-10 09:55:13.281,0 days 00:00:29.699000,-23270.5,416,84.0881161631558,30,9.551456761904761
298,-1.9229085445404053,2025-07-10 09:55:13.379,0 days 00:00:29.796000,-23529.75,432,86.9903357068474,30,9.527166961038962
299,-1.9229085445404053,2025-07-10 09:55:13.477,0 days 00:00:29.895000,-23792.25,437,87.99716829604711,30,9.519303443722944
300,-1.8340346813201904,2025-07-10 09:55:13.580,0 days 00:00:29.998000,-24054.25,436,83.7380126203911,30,9.520886545454545
301,-1.8340346813201904,2025-07-10 09:55:13.676,0 days 00:00:30.094000,-24315.5,435,83.5459529584177,30,9.522464448051949
302,-1.738647699356079,2025-07-10 09:55:13.777,0 days 00:00:30.194000,-24575.25,432,78.6545699589139,30,9.527166961038962
303,-1.738647699356079,2025-07-10 09:55:13.876,0 days 00:00:30.294000,-24832.75,429,78.1083576675326,30,9.531822681818182
304,-1.8714364767074585,2025-07-10 09:55:13.977,0 days 00:00:30.394000,-25087.25,424,83.0939804966783,30,9.539478233766234
305,-1.8714364767074585,2025-07-10 09:55:14.078,0 days 00:00:30.496000,-25339.25,420,82.3100750202945,30,9.545509090909091
306,-1.9599806070327759,2025-07-10 09:55:14.177,0 days 00:00:30.595000,-25588.25,415,85.1782068374126,30,9.552930681818182
307,-1.9599806070327759,2025-07-10 09:55:14.281,0 days 00:00:30.699000,-25830.25,403,82.7152225433187,30,9.570212188311688
308,-1.9793548583984375,2025-07-10 09:55:14.377,0 days 00:00:30.794000,-26069.5,398,82.49646538540411,30,9.577191852813852
309,-1.9793548583984375,2025-07-10 09:55:14.476,0 days 00:00:30.893000,-26311.0,402,83.3255755902825,30,9.57161851948052
310,-2.0508058071136475,2025-07-10 09:55:14.583,0 days 00:00:31.001000,-26556.5,409,87.8367876289343,30,9.56166501948052
311,-2.0508058071136475,2025-07-10 09:55:14.676,0 days 00:00:31.093000,-26806.25,416,89.340106732608,30,9.551456761904761
312,-2.0430285930633545,2025-07-10 09:55:14.784,0 days 00:00:31.202000,-27059.5,422,90.2849799505007,30,9.54250406060606
313,-2.0430285930633545,2025-07-10 09:55:14.884,0 days 00:00:31.302000,-27312.75,422,90.2849799505007,30,9.54250406060606
314,-1.8910579681396484,2025-07-10 09:55:14.984,0 days 00:00:31.402000,-27566.75,423,83.7671677709118,30,9.540993746753246
315,-1.8910579681396484,2025-07-10 09:55:15.084,0 days 00:00:31.502000,-27820.25,422,83.56913664142971,30,9.54250406060606
316,-1.8697052001953125,2025-07-10 09:55:15.184,0 days 00:00:31.602000,-28069.75,415,81.2549526842052,30,9.552930681818182
317,-1.8697052001953125,2025-07-10 09:55:15.284,0 days 00:00:31.702000,-28315.75,410,80.2759773506606,30,9.560222294372293
318,-1.933791160583496,2025-07-10 09:55:15.384,0 days 00:00:31.802000,-28560.75,408,82.62250220034869,30,9.563102545454544
319,-1.933791160583496,2025-07-10 09:55:15.484,0 days 00:00:31.902000,-28805.75,408,82.62250220034869,30,9.563102545454544
320,-1.9891105890274048,2025-07-10 09:55:15.576,0 days 00:00:31.993000,-29048.75,405,84.3611661914409,30,9.567383928571429
321,-1.9891105890274048,2025-07-10 09:55:15.675,0 days 00:00:32.093000,-29291.75,405,84.3611661914409,30,9.567383928571429
322,-1.9697364568710327,2025-07-10 09:55:15.775,0 days 00:00:32.193000,-29533.75,403,83.1269372416949,30,9.570212188311688
323,-1.9697364568710327,2025-07-10 09:55:15.876,0 days 00:00:32.294000,-29775.25,402,82.9206669259586,30,9.57161851948052
324,-1.9789150953292847,2025-07-10 09:55:15.976,0 days 00:00:32.393000,-30018.25,405,83.9287599984201,30,9.567383928571429
325,-1.9789150953292847,2025-07-10 09:55:16.075,0 days 00:00:32.493000,-30262.25,406,84.135991504589,30,9.565961999999999
326,-2.007495403289795,2025-07-10 09:55:16.176,0 days 00:00:32.593000,-30504.75,404,84.9306715228295,30,9.568800658008657
327,-2.007495403289795,2025-07-10 09:55:16.284,0 days 00:00:32.701000,-30742.75,396,83.2488760471299,30,9.579947324675324
328,-2.0124969482421875,2025-07-10 09:55:16.384,0 days 00:00:32.802000,-30975.5,387,81.5595522056457,30,9.59208959090909
329,-2.0124969482421875,2025-07-10 09:55:16.475,0 days 00:00:32.893000,-31203.75,380,80.08431482724899,30,9.601242424242423
330,-2.067019462585449,2025-07-10 09:55:16.584,0 days 00:00:33.002000,-31430.75,378,81.8210420483975,30,9.603810727272727
331,-2.067019462585449,2025-07-10 09:55:16.684,0 days 00:00:33.102000,-31655.0,373,80.7387531324134,30,9.6101405
332,-2.1469621658325195,2025-07-10 09:55:16.784,0 days 00:00:33.201000,-31879.5,374,84.08617651539629,30,9.608884943722943
333,-2.1469621658325195,2025-07-10 09:55:16.884,0 days 00:00:33.301000,-32108.5,381,85.6599819581979,30,9.599950474025974
334,-2.159823179244995,2025-07-10 09:55:16.975,0 days 00:00:33.393000,-32337.25,381,86.17311951412029,30,9.599950474025974
335,-2.159823179244995,2025-07-10 09:55:17.075,0 days 00:00:33.493000,-32560.25,371,83.91135784708301,30,9.612636015151514
336,-2.115083932876587,2025-07-10 09:55:17.175,0 days 00:00:33.593000,-32777.0,361,79.95828089012,30,9.624801642857141
337,-2.115083932876587,2025-07-10 09:55:17.275,0 days 00:00:33.693000,-32986.5,349,77.3003878965426,30,9.638714110389609
338,-2.2081351280212402,2025-07-10 09:55:17.384,0 days 00:00:33.801000,-33190.0,339,78.3887892930032,30,9.649735928571427
339,-2.2081351280212402,2025-07-10 09:55:17.484,0 days 00:00:33.902000,-33391.0,335,77.4638478264191,30,9.65399908008658
340,-2.451040744781494,2025-07-10 09:55:17.584,0 days 00:00:34.002000,-33593.25,337,86.4985918325922,30,9.651877902597402
341,-2.451040744781494,2025-07-10 09:55:17.684,0 days 00:00:34.101000,-33796.5,338,86.75526421191739,30,9.650809515151515
342,-2.490173816680908,2025-07-10 09:55:17.784,0 days 00:00:34.201000,-34001.5,341,88.9227025926586,30,9.647573158008658
343,-2.490173816680908,2025-07-10 09:55:17.883,0 days 00:00:34.301000,-34208.25,344,89.7050137591629,30,9.644290008658007
344,-2.3274855613708496,2025-07-10 09:55:17.984,0 days 00:00:34.401000,-34414.25,343,83.60066598987561,30,9.64538959090909
345,-2.3274855613708496,2025-07-10 09:55:18.084,0 days 00:00:34.501000,-34621.0,344,83.8443997099627,30,9.644290008658007
346,-2.2503185272216797,2025-07-10 09:55:18.183,0 days 00:00:34.601000,-34828.0,345,81.3002207246444,30,9.643185227272726
347,-2.2503185272216797,2025-07-10 09:55:18.283,0 days 00:00:34.701000,-35035.25,345,81.3002207246444,30,9.643185227272726
348,-2.3094305992126465,2025-07-10 09:55:18.383,0 days 00:00:34.801000,-35239.5,340,82.2266183659562,30,9.648657142857141
349,-2.3094305992126465,2025-07-10 09:55:18.483,0 days 00:00:34.901000,-35437.0,329,79.56634541882241,30,9.660237833333332
350,-2.376704216003418,2025-07-10 09:55:18.584,0 days 00:00:35.001000,-35631.5,324,80.6396756946353,30,9.665293818181818
351,-2.376704216003418,2025-07-10 09:55:18.683,0 days 00:00:35.101000,-35821.75,317,78.8974604790105,30,9.672153833333333
352,-2.4596147537231445,2025-07-10 09:55:18.783,0 days 00:00:35.201000,-36014.25,320,82.4224825002411,30,9.66924502164502
353,-2.4596147537231445,2025-07-10 09:55:18.883,0 days 00:00:35.301000,-36208.5,323,83.1951932736809,30,9.666289417748917
354,-2.4569215774536133,2025-07-10 09:55:18.976,0 days 00:00:35.394000,-36404.5,326,83.8759635921963,30,9.66328702164502
355,-2.4569215774536133,2025-07-10 09:55:19.083,0 days 00:00:35.501000,-36596.25,319,82.074945969051,30,9.670219824675323
356,-2.3287222385406494,2025-07-10 09:55:19.183,0 days 00:00:35.601000,-36782.75,310,75.5975987555534,30,9.67875909090909
357,-2.3287222385406494,2025-07-10 09:55:19.283,0 days 00:00:35.701000,-36962.75,300,73.15896653763231,30,9.687753246753246
358,-2.3115739822387695,2025-07-10 09:55:19.383,0 days 00:00:35.801000,-37142.5,299,72.3781719799846,30,9.688624067099566
359,-2.3115739822387695,2025-07-10 09:55:19.483,0 days 00:00:35.901000,-37322.25,299,72.3781719799846,30,9.688624067099566
360,-2.417513608932495,2025-07-10 09:55:19.583,0 days 00:00:36.001000,-37503.0,301,76.2015947077094,30,9.686877227272726
361,-2.417513608932495,2025-07-10 09:55:19.683,0 days 00:00:36.101000,-37681.75,297,75.1889489308628,30,9.690350110389609
362,-2.3688721656799316,2025-07-10 09:55:19.783,0 days 00:00:36.201000,-37861.75,300,74.4203131444071,30,9.687753246753246
363,-2.3688721656799316,2025-07-10 09:55:19.883,0 days 00:00:36.301000,-38042.0,300,74.4203131444071,30,9.687753246753246
364,-2.348810911178589,2025-07-10 09:55:19.983,0 days 00:00:36.401000,-38227.0,308,75.7578067537263,30,9.680599515151513
365,-2.348810911178589,2025-07-10 09:55:20.083,0 days 00:00:36.501000,-38416.75,316,77.7255419940828,30,9.673113038961038
366,-2.3606553077697754,2025-07-10 09:55:20.183,0 days 00:00:36.601000,-38611.75,325,80.3423541690161,30,9.66429301948052
367,-2.3606553077697754,2025-07-10 09:55:20.283,0 days 00:00:36.701000,-38808.75,328,81.0839758998071,30,9.661259428571428
368,-2.279503583908081,2025-07-10 09:55:20.383,0 days 00:00:36.801000,-39005.5,327,78.0578606360267,30,9.662275824675325
369,-2.279503583908081,2025-07-10 09:55:20.483,0 days 00:00:36.901000,-39199.5,323,77.1030244202955,30,9.666289417748917
370,-2.236907720565796,2025-07-10 09:55:20.583,0 days 00:00:37.001000,-39391.75,320,74.95950068774559,30,9.66924502164502
371,-2.236907720565796,2025-07-10 09:55:20.683,0 days 00:00:37.101000,-39583.75,320,74.95950068774559,30,9.66924502164502
372,-2.3217694759368896,2025-07-10 09:55:20.783,0 days 00:00:37.200000,-39773.5,316,76.83070247937381,30,9.673113038961038
373,-2.3217694759368896,2025-07-10 09:55:20.883,0 days 00:00:37.301000,-39961.5,313,76.1012970760886,30,9.67595946103896
374,-2.378380537033081,2025-07-10 09:55:20.983,0 days 00:00:37.401000,-40146.75,308,76.71153788824151,30,9.680599515151513
375,-2.378380537033081,2025-07-10 09:55:21.083,0 days 00:00:37.500000,-40330.75,306,76.2134110188374,30,9.682419142857142
376,-2.388878345489502,2025-07-10 09:55:21.183,0 days 00:00:37.600000,-40509.0,297,74.2983398051838,30,9.690350110389609
377,-2.388878345489502,2025-07-10 09:55:21.283,0 days 00:00:37.701000,-40686.5,295,73.79801428461009,30,9.692055357142856
378,-2.411330461502075,2025-07-10 09:55:21.383,0 days 00:00:37.801000,-40863.75,295,74.49161102755319,30,9.692055357142856
379,-2.411330461502075,2025-07-10 09:55:21.483,0 days 00:00:37.901000,-41044.0,300,75.7541807059863,30,9.687753246753246
380,-2.4244115352630615,2025-07-10 09:55:21.583,0 days 00:00:38,-41222.5,297,75.4034814553783,30,9.690350110389609
381,-2.4244115352630615,2025-07-10 09:55:21.683,0 days 00:00:38.101000,-41402.0,299,75.91124900726629,30,9.688624067099566
382,-2.3648324012756348,2025-07-10 09:55:21.783,0 days 00:00:38.200000,-41577.0,291,72.06459942929449,30,9.69540346103896
383,-2.3648324012756348,2025-07-10 09:55:21.883,0 days 00:00:38.301000,-41750.0,288,71.3216654145595,30,9.697859948051947
384,-2.363128662109375,2025-07-10 09:55:21.983,0 days 00:00:38.400000,-41919.75,282,69.7854816559707,30,9.702632545454545
385,-2.363128662109375,2025-07-10 09:55:22.083,0 days 00:00:38.501000,-42090.25,284,70.28041414998471,30,9.701062476190476
386,-2.385305881500244,2025-07-10 09:55:22.183,0 days 00:00:38.601000,-42260.25,283,70.6901863227857,30,9.701850110389609
387,-2.385305881500244,2025-07-10 09:55:22.283,0 days 00:00:38.700000,-42430.25,283,70.6901863227857,30,9.701850110389609
388,-2.358346939086914,2025-07-10 09:55:22.383,0 days 00:00:38.800000,-42596.0,276,68.1624799543445,30,9.707217974025973
389,-2.358346939086914,2025-07-10 09:55:22.483,0 days 00:00:38.900000,-42756.25,267,65.9397903906159,30,9.713745175324675
390,-2.3580994606018066,2025-07-10 09:55:22.583,0 days 00:00:39,-42914.5,263,64.9451165726086,30,9.716510976190476
391,-2.3580994606018066,2025-07-10 09:55:22.683,0 days 00:00:39.101000,-43064.25,249,61.4879620782492,30,9.725536188311688
392,-2.4840729236602783,2025-07-10 09:55:22.783,0 days 00:00:39.200000,-43205.0,234,60.8707742190769,30,9.734075246753246
393,-2.4840729236602783,2025-07-10 09:55:22.882,0 days 00:00:39.300000,-43337.25,220,57.2289330264825,30,9.74098961038961
394,-2.6396710872650146,2025-07-10 09:55:22.983,0 days 00:00:39.400000,-43462.25,208,57.496546860973,30,9.746105142857141
395,-2.6396710872650146,2025-07-10 09:55:23.083,0 days 00:00:39.500000,-43580.0,196,54.1794383882245,30,9.750471999999998
396,-2.7981820106506348,2025-07-10 09:55:23.182,0 days 00:00:39.600000,-43699.0,198,58.0189394720798,30,9.74979618181818
397,-2.7981820106506348,2025-07-10 09:55:23.282,0 days 00:00:39.700000,-43827.0,213,62.4143136745101,30,9.744064655844154
398,-2.7748231887817383,2025-07-10 09:55:23.382,0 days 00:00:39.800000,-43961.25,223,64.79907318314811,30,9.739593746753245
399,-2.7748231887817383,2025-07-10 09:55:23.483,0 days 00:00:39.900000,-44098.0,227,65.9613883971956,30,9.737659807359305
400,-2.546674966812134,2025-07-10 09:55:23.583,0 days 00:00:40,-44234.5,227,60.537989370995,30,9.737659807359305
401,-2.546674966812134,2025-07-10 09:55:23.682,0 days 00:00:40.100000,-44370.75,227,60.537989370995,30,9.737659807359305
402,-2.449364423751831,2025-07-10 09:55:23.783,0 days 00:00:40.200000,-44507.0,227,58.2247809932817,30,9.737659807359305
403,-2.449364423751831,2025-07-10 09:55:23.882,0 days 00:00:40.300000,-44649.75,237,60.789749318976895,30,9.732461019480517
404,-2.521392345428467,2025-07-10 09:55:23.982,0 days 00:00:40.400000,-44791.5,236,62.3133426340234,30,9.733004294372293
405,-2.521392345428467,2025-07-10 09:55:24.083,0 days 00:00:40.500000,-44932.75,235,62.0493030465911,30,9.73354237012987
406,-2.5119662284851074,2025-07-10 09:55:24.182,0 days 00:00:40.600000,-45072.25,232,61.0281792247901,30,9.7351254025974
407,-2.5119662284851074,2025-07-10 09:55:24.282,0 days 00:00:40.700000,-45207.5,225,59.1868117481801,30,9.738637175324675
408,-2.5391452312469482,2025-07-10 09:55:24.382,0 days 00:00:40.800000,-45343.75,227,60.3589949921491,30,9.737659807359305
409,-2.5391452312469482,2025-07-10 09:55:24.482,0 days 00:00:40.900000,-45480.5,227,60.3589949921491,30,9.737659807359305
410,-2.584214210510254,2025-07-10 09:55:24.582,0 days 00:00:41,-45618.75,230,62.242203030739304,30,9.73615476190476
411,-2.584214210510254,2025-07-10 09:55:24.682,0 days 00:00:41.100000,-45758.25,232,62.7834395788327,30,9.7351254025974
412,-2.5453009605407715,2025-07-10 09:55:24.782,0 days 00:00:41.200000,-45895.75,229,61.0384127373014,30,9.736661642857142
413,-2.5453009605407715,2025-07-10 09:55:24.882,0 days 00:00:41.300000,-46034.5,231,61.5714993114263,30,9.735642681818181
414,-2.5593438148498535,2025-07-10 09:55:24.982,0 days 00:00:41.400000,-46174.75,233,62.447227252291704,30,9.734602924242424
415,-2.5593438148498535,2025-07-10 09:55:25.082,0 days 00:00:41.500000,-46315.0,233,62.447227252291704,30,9.734602924242424
416,-2.6184282302856445,2025-07-10 09:55:25.182,0 days 00:00:41.600000,-46456.25,235,64.4372713196975,30,9.73354237012987
417,-2.6184282302856445,2025-07-10 09:55:25.282,0 days 00:00:41.700000,-46595.5,232,63.614667856041805,30,9.7351254025974
418,-2.6061716079711914,2025-07-10 09:55:25.382,0 days 00:00:41.800000,-46733.25,229,62.4981415670695,30,9.736661642857142
419,-2.6061716079711914,2025-07-10 09:55:25.482,0 days 00:00:41.900000,-46871.0,229,62.4981415670695,30,9.736661642857142
420,-2.5676705837249756,2025-07-10 09:55:25.582,0 days 00:00:42,-47007.0,226,60.7681973574481,30,9.73815109090909
421,-2.5676705837249756,2025-07-10 09:55:25.682,0 days 00:00:42.100000,-47144.0,228,61.3059690154786,30,9.737163324675324
422,-2.5702261924743652,2025-07-10 09:55:25.782,0 days 00:00:42.200000,-47280.0,226,60.8286832871337,30,9.73815109090909
423,-2.5702261924743652,2025-07-10 09:55:25.882,0 days 00:00:42.299000,-47414.5,224,60.2903763553891,30,9.73911806060606
424,-2.5856707096099854,2025-07-10 09:55:25.982,0 days 00:00:42.400000,-47548.25,222,60.1111172175017,30,9.740064233766233
425,-2.5856707096099854,2025-07-10 09:55:26.082,0 days 00:00:42.499000,-47680.0,219,59.298804822670604,30,9.741444499999998
426,-2.616504430770874,2025-07-10 09:55:26.182,0 days 00:00:42.600000,-47811.75,219,60.0059359326945,30,9.741444499999998
427,-2.616504430770874,2025-07-10 09:55:26.282,0 days 00:00:42.700000,-47942.0,217,59.457936517784105,30,9.74233868181818
428,-2.607628107070923,2025-07-10 09:55:26.382,0 days 00:00:42.799000,-48068.5,210,57.3447363289158,30,9.745304545454545
429,-2.607628107070923,2025-07-10 09:55:26.482,0 days 00:00:42.900000,-48191.5,205,55.9793854639416,30,9.747267045454544
430,-2.5505223274230957,2025-07-10 09:55:26.582,0 days 00:00:42.999000,-48308.25,194,51.8154739755951,30,9.75112702164502
431,-2.5505223274230957,2025-07-10 09:55:26.682,0 days 00:00:43.100000,-48418.0,182,48.6103931111253,30,9.754620424242423
432,-2.567807912826538,2025-07-10 09:55:26.782,0 days 00:00:43.199000,-48525.25,178,47.8642388206591,30,9.755618519480517
433,-2.567807912826538,2025-07-10 09:55:26.882,0 days 00:00:43.299000,-48634.25,181,48.67093947493991,30,9.754877746753245
434,-2.610513687133789,2025-07-10 09:55:26.982,0 days 00:00:43.399000,-48743.0,181,49.4803941988139,30,9.754877746753245
435,-2.610513687133789,2025-07-10 09:55:27.082,0 days 00:00:43.499000,-48854.25,185,50.5738835733733,30,9.75381726190476
436,-2.5500826835632324,2025-07-10 09:55:27.181,0 days 00:00:43.599000,-48972.0,196,52.3406292897422,30,9.750471999999998
437,-2.5500826835632324,2025-07-10 09:55:27.282,0 days 00:00:43.699000,-49093.25,202,53.942893451673,30,9.748382155844155
438,-2.5068821907043457,2025-07-10 09:55:27.382,0 days 00:00:43.800000,-49217.75,207,54.341660857364104,30,9.746497642857141
439,-2.5068821907043457,2025-07-10 09:55:27.481,0 days 00:00:43.899000,-49345.5,212,55.6542613611652,30,9.74448315151515
440,-2.5201008319854736,2025-07-10 09:55:27.582,0 days 00:00:43.999000,-49471.75,210,55.4199093201519,30,9.745304545454545
441,-2.5201008319854736,2025-07-10 09:55:27.682,0 days 00:00:44.099000,-49599.75,213,56.2116223104398,30,9.744064655844154
442,-2.5863852500915527,2025-07-10 09:55:27.782,0 days 00:00:44.200000,-49733.25,222,60.127727969530696,30,9.740064233766233
443,-2.5863852500915527,2025-07-10 09:55:27.882,0 days 00:00:44.299000,-49868.0,224,60.6694192124994,30,9.73911806060606
444,-2.637665033340454,2025-07-10 09:55:27.982,0 days 00:00:44.399000,-50004.0,226,62.424731367224105,30,9.73815109090909
445,-2.637665033340454,2025-07-10 09:55:28.081,0 days 00:00:44.499000,-50138.75,224,61.8723001161867,30,9.73911806060606
446,-2.591111898422241,2025-07-10 09:55:28.182,0 days 00:00:44.599000,-50266.5,212,57.5242084251624,30,9.74448315151515
447,-2.591111898422241,2025-07-10 09:55:28.282,0 days 00:00:44.700000,-50383.25,194,52.640077521139204,30,9.75112702164502
448,-2.6375551223754883,2025-07-10 09:55:28.381,0 days 00:00:44.799000,-50485.0,169,46.6784953092678,30,9.757560084415584
449,-2.6375551223754883,2025-07-10 09:55:28.482,0 days 00:00:44.899000,-50575.0,150,41.430617138403406,30,9.760275974025973
450,-2.834484577178955,2025-07-10 09:55:28.581,0 days 00:00:44.999000,-50660.5,142,42.1493688680901,30,9.760857999999999
451,-2.834484577178955,2025-07-10 09:55:28.682,0 days 00:00:45.099000,-50742.25,136,40.3684096201426,30,9.761076155844155
452,-3.024873733520508,2025-07-10 09:55:28.781,0 days 00:00:45.199000,-50822.25,133,42.1296184191686,30,9.761115045454543
453,-3.024873733520508,2025-07-10 09:55:28.881,0 days 00:00:45.299000,-50900.25,130,41.1793262743753,30,9.761107142857142
454,-2.9206104278564453,2025-07-10 09:55:28.981,0 days 00:00:45.399000,-50979.0,131,40.0657756468024,30,9.761114976190475
455,-2.9206104278564453,2025-07-10 09:55:29.081,0 days 00:00:45.499000,-51066.0,145,44.3476142655446,30,9.760678733766232
456,-2.8279716968536377,2025-07-10 09:55:29.181,0 days 00:00:45.599000,-51159.25,155,45.9023973467884,30,9.759743235930735
457,-2.8279716968536377,2025-07-10 09:55:29.282,0 days 00:00:45.699000,-51259.0,166,49.1599868359153,30,9.758113688311687
458,-2.6992502212524414,2025-07-10 09:55:29.381,0 days 00:00:45.799000,-51363.5,174,49.1836770144847,30,9.756533428571426
459,-2.6992502212524414,2025-07-10 09:55:29.481,0 days 00:00:45.899000,-51466.75,172,48.6183473936286,30,9.756959688311687
460,-2.556485652923584,2025-07-10 09:55:29.581,0 days 00:00:45.999000,-51560.0,155,41.4957564960223,30,9.759743235930735
461,-2.556485652923584,2025-07-10 09:55:29.681,0 days 00:00:46.099000,-51632.0,120,32.125746964662405,30,9.760742857142855
462,-2.666795015335083,2025-07-10 09:55:29.781,0 days 00:00:46.199000,-51688.0,93,25.971748241674998,30,9.757162318181816
463,-2.666795015335083,2025-07-10 09:55:29.881,0 days 00:00:46.299000,-51738.75,84,23.4583532505452,30,9.755126545454544
464,-3.0228676795959473,2025-07-10 09:55:29.981,0 days 00:00:46.399000,-51784.0,75,23.741547579055897,30,9.75266964285714
465,-3.0228676795959473,2025-07-10 09:55:30.081,0 days 00:00:46.499000,-51827.0,71,22.475331708173,30,9.751442508658007
466,-3.1690948009490967,2025-07-10 09:55:30.181,0 days 00:00:46.599000,-51874.5,79,26.2174791658349,30,9.75381359090909
467,-3.1690948009490967,2025-07-10 09:55:30.281,0 days 00:00:46.699000,-51925.0,84,27.8768132902548,30,9.755126545454544
468,-2.9798872470855713,2025-07-10 09:55:30.381,0 days 00:00:46.799000,-51973.25,80,24.964245121425098,30,9.754086580086579
469,-2.9798872470855713,2025-07-10 09:55:30.481,0 days 00:00:46.899000,-52019.0,76,23.7160328653538,30,9.752963428571427
470,-2.8253884315490723,2025-07-10 09:55:30.581,0 days 00:00:46.999000,-52066.5,79,23.3740447627696,30,9.75381359090909
471,-2.8253884315490723,2025-07-10 09:55:30.681,0 days 00:00:47.099000,-52116.0,82,24.261666715786102,30,9.754616961038959
472,-2.8965096473693848,2025-07-10 09:55:30.781,0 days 00:00:47.199000,-52168.0,86,26.0856723304781,30,9.755615333333331
473,-2.8965096473693848,2025-07-10 09:55:30.881,0 days 00:00:47.299000,-52222.75,91,27.602281186901198,30,9.756746318181817
474,-2.9038195610046387,2025-07-10 09:55:30.981,0 days 00:00:47.398000,-52278.25,92,27.9760288631848,30,9.756956917748916
475,-2.9038195610046387,2025-07-10 09:55:31.081,0 days 00:00:47.498000,-52332.5,90,27.3678543226807,30,9.756530519480519
476,-2.837480068206787,2025-07-10 09:55:31.181,0 days 00:00:47.598000,-52383.5,85,25.2569189747423,30,9.755373538961038
477,-2.837480068206787,2025-07-10 09:55:31.281,0 days 00:00:47.699000,-52439.25,92,27.336900537368198,30,9.756956917748916
478,-2.814643383026123,2025-07-10 09:55:31.381,0 days 00:00:47.799000,-52500.5,102,30.0643733581384,30,9.75877696103896
479,-2.814643383026123,2025-07-10 09:55:31.479,0 days 00:00:47.896000,-52564.75,107,31.538117150204,30,9.759492015151514
480,-2.801727294921875,2025-07-10 09:55:31.581,0 days 00:00:47.998000,-52628.25,105,30.8065994302194,30,9.759221590909089
481,-2.801727294921875,2025-07-10 09:55:31.681,0 days 00:00:48.099000,-52692.25,106,31.0999956152691,30,9.7593594025974
482,-2.667646884918213,2025-07-10 09:55:31.781,0 days 00:00:48.199000,-52754.5,103,28.7735982083546,30,9.75893037012987
483,-2.667646884918213,2025-07-10 09:55:31.881,0 days 00:00:48.298000,-52813.0,97,27.0974662738873,30,9.757931928571427
484,-2.6612436771392822,2025-07-10 09:55:31.981,0 days 00:00:48.399000,-52869.75,94,26.1963703879186,30,9.757362519480518
485,-2.6612436771392822,2025-07-10 09:55:32.080,0 days 00:00:48.498000,-52925.0,92,25.639000805197,30,9.756956917748916
486,-2.7055983543395996,2025-07-10 09:55:32.181,0 days 00:00:48.598000,-52980.0,91,25.782992312087202,30,9.756746318181817
487,-2.7055983543395996,2025-07-10 09:55:32.280,0 days 00:00:48.698000,-53035.25,92,26.0663218979343,30,9.756956917748916
488,-2.7280778884887695,2025-07-10 09:55:32.381,0 days 00:00:48.798000,-53089.5,90,25.7115275156326,30,9.756530519480519
489,-2.7280778884887695,2025-07-10 09:55:32.480,0 days 00:00:48.898000,-53144.25,91,25.9972111546952,30,9.756746318181817
490,-2.729451894760132,2025-07-10 09:55:32.581,0 days 00:00:48.998000,-53200.25,93,26.5819602756712,30,9.757162318181816
491,-2.729451894760132,2025-07-10 09:55:32.681,0 days 00:00:49.098000,-53254.5,90,25.724477686133397,30,9.756530519480519
492,-2.768200159072876,2025-07-10 09:55:32.780,0 days 00:00:49.198000,-53306.0,85,24.6402462445742,30,9.755373538961038
493,-2.768200159072876,2025-07-10 09:55:32.881,0 days 00:00:49.298000,-53356.5,84,24.350360994638,30,9.755126545454544
494,-2.870649814605713,2025-07-10 09:55:32.980,0 days 00:00:49.398000,-53410.75,90,27.0552372067922,30,9.756530519480519
495,-2.870649814605713,2025-07-10 09:55:33.080,0 days 00:00:49.498000,-53466.25,92,27.656464700276498,30,9.756956917748916
496,-2.8654558658599854,2025-07-10 09:55:33.180,0 days 00:00:49.598000,-53521.75,92,27.6064252414615,30,9.756956917748916
497,-2.8654558658599854,2025-07-10 09:55:33.280,0 days 00:00:49.698000,-53582.0,100,30.0069839581103,30,9.758454545454544
498,-2.7875468730926514,2025-07-10 09:55:33.381,0 days 00:00:49.798000,-53644.75,104,30.3587681452245,30,9.759078580086578
499,-2.7875468730926514,2025-07-10 09:55:33.480,0 days 00:00:49.898000,-53706.0,102,29.7749456808933,30,9.75877696103896
500,-2.8190128803253174,2025-07-10 09:55:33.580,0 days 00:00:49.998000,-53768.0,103,30.4062521037273,30,9.75893037012987
501,-2.8190128803253174,2025-07-10 09:55:33.681,0 days 00:00:50.098000,-53832.75,107,31.5870774281439,30,9.759492015151514
502,-2.7917516231536865,2025-07-10 09:55:33.780,0 days 00:00:50.198000,-53900.5,112,32.7433722518163,30,9.760077090909089
503,-2.7917516231536865,2025-07-10 09:55:33.880,0 days 00:00:50.298000,-53971.0,117,34.2051299416296,30,9.760532188311688
504,-2.7966980934143066,2025-07-10 09:55:33.981,0 days 00:00:50.398000,-54039.0,113,33.094258560442405,30,9.760178508658008
505,-2.7966980934143066,2025-07-10 09:55:34.080,0 days 00:00:50.498000,-54104.5,109,31.922780381311703,30,9.759741642857142
506,-2.831022024154663,2025-07-10 09:55:34.181,0 days 00:00:50.598000,-54171.25,111,32.9074969571117,30,9.759970474025973
507,-2.831022024154663,2025-07-10 09:55:34.282,0 days 00:00:50.700000,-54236.75,109,32.3145690840106,30,9.759741642857142
508,-2.883098840713501,2025-07-10 09:55:34.380,0 days 00:00:50.798000,-54301.0,107,32.305161504595695,30,9.759492015151514
509,-2.883098840713501,2025-07-10 09:55:34.480,0 days 00:00:50.898000,-54364.0,105,31.7013267101173,30,9.759221590909089
510,-2.8304998874664307,2025-07-10 09:55:34.580,0 days 00:00:50.998000,-54425.25,102,30.2337443213944,30,9.75877696103896
511,-2.8304998874664307,2025-07-10 09:55:34.674,0 days 00:00:51.092000,-54485.0,99,29.3445165472357,30,9.758285538961038
512,-2.8327534198760986,2025-07-10 09:55:34.780,0 days 00:00:51.198000,-54541.0,93,27.5880072211937,30,9.757162318181816
513,-2.8327534198760986,2025-07-10 09:55:34.880,0 days 00:00:51.298000,-54597.5,94,27.8846524601313,30,9.757362519480518
514,-2.8474557399749756,2025-07-10 09:55:34.980,0 days 00:00:51.398000,-54657.0,99,29.520302161613202,30,9.758285538961038
515,-2.8474557399749756,2025-07-10 09:55:35.080,0 days 00:00:51.498000,-54715.0,96,28.6257475506552,30,9.757747324675323
516,-2.820276975631714,2025-07-10 09:55:35.180,0 days 00:00:51.598000,-54769.5,90,26.5804839562341,30,9.756530519480519
517,-2.820276975631714,2025-07-10 09:55:35.280,0 days 00:00:51.698000,-54821.25,86,25.399129113734798,30,9.755615333333331
518,-2.7829301357269287,2025-07-10 09:55:35.380,0 days 00:00:51.798000,-54866.5,75,21.857081935019398,30,9.75266964285714
519,-2.7829301357269287,2025-07-10 09:55:35.480,0 days 00:00:51.898000,-54899.75,55,16.028526752347503,30,9.745702110389608
520,-2.880378246307373,2025-07-10 09:55:35.580,0 days 00:00:51.998000,-54922.75,38,11.462034752551402,30,9.738144580086578
521,-2.880378246307373,2025-07-10 09:55:35.680,0 days 00:00:52.098000,-54934.5,19,5.73101737627572,30,9.727919824675324
522,-3.048562526702881,2025-07-10 09:55:35.780,0 days 00:00:52.197000,-54936.25,2,0.638489450738478,30,9.717180424242423
523,-3.048562526702881,2025-07-10 09:55:35.880,0 days 00:00:52.297000,-54938.0,2,0.638489450738478,30,9.717180424242423
524,-3.184786558151245,2025-07-10 09:55:35.980,0 days 00:00:52.398000,-54939.75,2,0.667020115259501,30,9.717180424242423
525,-3.184786558151245,2025-07-10 09:55:36.080,0 days 00:00:52.498000,-54941.25,2,0.667020115259501,30,9.717180424242423
526,-3.02006459236145,2025-07-10 09:55:36.180,0 days 00:00:52.598000,-54943.25,3,0.9487812915681849,30,9.717853746753246
527,-3.02006459236145,2025-07-10 09:55:36.280,0 days 00:00:52.698000,-54944.0,1,0.316260430522728,30,9.716501902597402
528,-2.775317907333374,2025-07-10 09:55:36.380,0 days 00:00:52.797000,-54945.0,1,0.290630604193878,30,9.716501902597402
529,-2.775317907333374,2025-07-10 09:55:36.480,0 days 00:00:52.897000,-54945.5,0,0.0,30,9.71581818181818
530,-2.7438244819641113,2025-07-10 09:55:36.580,0 days 00:00:52.998000,-54946.0,0,0.0,30,9.71581818181818
531,-2.7438244819641113,2025-07-10 09:55:36.680,0 days 00:00:53.097000,-54946.75,-1,0.28733262743968196,30,9.71512926190476
532,-2.725769281387329,2025-07-10 09:55:36.780,0 days 00:00:53.197000,-54947.25,0,0.0,30,9.71581818181818
533,-2.725769281387329,2025-07-10 09:55:36.880,0 days 00:00:53.297000,-54948.0,1,0.28544190254657004,30,9.716501902597402
534,-2.703125,2025-07-10 09:55:36.980,0 days 00:00:53.397000,-54948.25,0,0.0,30,9.71581818181818
535,-2.703125,2025-07-10 09:55:37.080,0 days 00:00:53.497000,-54948.5,0,0.0,30,9.71581818181818
536,-2.672621011734009,2025-07-10 09:55:37.179,0 days 00:00:53.597000,-54949.0,0,0.0,30,9.71581818181818
537,-2.672621011734009,2025-07-10 09:55:37.280,0 days 00:00:53.697000,-54949.75,-1,0.27987620704690697,30,9.71512926190476
538,-2.7436320781707764,2025-07-10 09:55:37.380,0 days 00:00:53.797000,-54950.25,0,0.0,30,9.71581818181818
539,-2.7436320781707764,2025-07-10 09:55:37.480,0 days 00:00:53.897000,-54950.5,0,0.0,30,9.71581818181818
540,-2.7904324531555176,2025-07-10 09:55:37.579,0 days 00:00:53.997000,-54951.0,0,0.0,30,9.71581818181818
541,-2.7904324531555176,2025-07-10 09:55:37.680,0 days 00:00:54.097000,-54951.5,0,0.0,30,9.71581818181818
542,-2.7794950008392334,2025-07-10 09:55:37.779,0 days 00:00:54.197000,-54951.75,0,0.0,30,9.71581818181818
543,-2.7794950008392334,2025-07-10 09:55:37.880,0 days 00:00:54.297000,-54952.5,1,0.29106803217523697,30,9.716501902597402
544,-2.7672383785247803,2025-07-10 09:55:37.979,0 days 00:00:54.397000,-54952.75,0,0.0,30,9.71581818181818
545,-2.7672383785247803,2025-07-10 09:55:38.079,0 days 00:00:54.497000,-54952.75,0,0.0,30,9.71581818181818
546,-2.764078140258789,2025-07-10 09:55:38.179,0 days 00:00:54.597000,-54952.75,0,0.0,30,9.71581818181818
547,-2.764078140258789,2025-07-10 09:55:38.279,0 days 00:00:54.697000,-54952.75,0,0.0,30,9.71581818181818
548,-2.892002582550049,2025-07-10 09:55:38.380,0 days 00:00:54.797000,-54952.75,0,0.0,30,9.71581818181818
549,-2.892002582550049,2025-07-10 09:55:38.479,0 days 00:00:54.897000,-54952.75,0,0.0,30,9.71581818181818
550,-3.147164821624756,2025-07-10 09:55:38.579,0 days 00:00:54.997000,-54952.75,0,0.0,30,9.71581818181818
551,-3.147164821624756,2025-07-10 09:55:38.679,0 days 00:00:55.097000,-54953.0,0,0.0,30,9.71581818181818
552,-3.103689670562744,2025-07-10 09:55:38.779,0 days 00:00:55.197000,-54953.0,0,0.0,30,9.71581818181818
553,-3.103689670562744,2025-07-10 09:55:38.879,0 days 00:00:55.297000,-54953.0,0,0.0,30,9.71581818181818
554,-2.9746932983398438,2025-07-10 09:55:38.979,0 days 00:00:55.397000,-54953.0,0,0.0,30,9.71581818181818
555,-2.9746932983398438,2025-07-10 09:55:39.079,0 days 00:00:55.497000,-54953.0,0,0.0,30,9.71581818181818
556,-2.882988929748535,2025-07-10 09:55:39.179,0 days 00:00:55.597000,-54953.25,0,0.0,30,9.71581818181818
557,-2.882988929748535,2025-07-10 09:55:39.279,0 days 00:00:55.697000,-54953.25,0,0.0,30,9.71581818181818
558,-2.8553977012634277,2025-07-10 09:55:39.379,0 days 00:00:55.797000,-54953.5,0,0.0,30,9.71581818181818
559,-2.8553977012634277,2025-07-10 09:55:39.479,0 days 00:00:55.897000,-54953.75,0,0.0,30,9.71581818181818
560,-2.827944278717041,2025-07-10 09:55:39.579,0 days 00:00:55.997000,-54954.75,1,0.296141621195871,30,9.716501902597402
561,-2.827944278717041,2025-07-10 09:55:39.679,0 days 00:00:56.097000,-54957.0,3,0.8884248635876141,30,9.717853746753246
562,-2.7662765979766846,2025-07-10 09:55:39.779,0 days 00:00:56.197000,-54960.75,6,1.73810281703693,30,9.719842519480519
563,-2.7662765979766846,2025-07-10 09:55:39.879,0 days 00:00:56.297000,-54975.0,23,6.66272746530822,30,9.730228378787878
564,-2.683558464050293,2025-07-10 09:55:39.979,0 days 00:00:56.397000,-54980.5,9,2.5291941991407803,30,9.721784499999998
565,-2.683558464050293,2025-07-10 09:55:40.079,0 days 00:00:56.497000,-54989.75,15,4.215323665234631,30,9.725528084415583
566,-2.5874295234680176,2025-07-10 09:55:40.179,0 days 00:00:56.597000,-55017.5,46,12.463929010066801,30,9.741888233766232
567,-2.5874295234680176,2025-07-10 09:55:40.279,0 days 00:00:56.697000,-55108.0,150,40.6432467719568,30,9.760275974025973
568,-2.635136604309082,2025-07-10 09:55:40.379,0 days 00:00:56.797000,-55280.25,287,79.197898678997,30,9.698668378787877
569,-2.635136604309082,2025-07-10 09:55:40.479,0 days 00:00:56.897000,-55526.25,410,113.13985525571,30,9.560222294372293
570,-1.611355185508728,2025-07-10 09:55:40.579,0 days 00:00:56.997000,-55832.25,510,86.0577680287461,30,9.389694155844156
571,-1.611355185508728,2025-07-10 09:55:40.679,0 days 00:00:57.096000,-56185.5,588,99.2195443154955,30,9.22058981818182
572,-0.13270629942417145,2025-07-10 09:55:40.779,0 days 00:00:57.196000,-56576.0,650,9.03303170585157,30,9.06360930735931
573,-0.13270629942417145,2025-07-10 09:55:40.879,0 days 00:00:57.297000,-56993.75,696,9.67229241118876,30,8.93422524675325
574,0.18739604949951172,2025-07-10 09:55:40.979,0 days 00:00:57.396000,-57432.75,731,14.3451944598336,30,8.828411080086584
575,0.18739604949951172,2025-07-10 09:55:41.079,0 days 00:00:57.496000,-57888.25,759,14.894668392631601,30,8.739174110389614
576,0.19319210946559906,2025-07-10 09:55:41.179,0 days 00:00:57.597000,-58354.5,777,15.719511027678701,30,8.679655045454549
577,0.19319210946559906,2025-07-10 09:55:41.279,0 days 00:00:57.696000,-58827.0,787,15.9218213369152,30,8.645861019480524
578,0.19514384865760803,2025-07-10 09:55:41.379,0 days 00:00:57.796000,-59304.25,795,16.246155761032497,30,8.618451461038966
579,0.19514384865760803,2025-07-10 09:55:41.479,0 days 00:00:57.897000,-59782.5,797,16.2870265931357,30,8.611547080086584
580,0.19736172258853912,2025-07-10 09:55:41.580,0 days 00:00:57.997000,-60260.75,797,16.4721344874356,30,8.611547080086584
581,0.19736172258853912,2025-07-10 09:55:41.679,0 days 00:00:58.097000,-60740.25,799,16.5134698311933,30,8.604621902597406
582,0.19795316457748413,2025-07-10 09:55:41.779,0 days 00:00:58.196000,-61217.75,795,16.4800373790501,30,8.618451461038966
583,0.19795316457748413,2025-07-10 09:55:41.879,0 days 00:00:58.297000,-61692.25,790,16.3763893452196,30,8.635621428571433
584,0.19786444306373596,2025-07-10 09:55:41.979,0 days 00:00:58.397000,-62168.75,794,16.4519313272112,30,8.621895852813857
585,0.19786444306373596,2025-07-10 09:55:42.079,0 days 00:00:58.496000,-62646.75,796,16.4933719602772,30,8.615001870129875
586,0.19981618225574493,2025-07-10 09:55:42.179,0 days 00:00:58.596000,-63125.0,797,16.6769872237942,30,8.611547080086584
587,0.19981618225574493,2025-07-10 09:55:42.279,0 days 00:00:58.696000,-63603.75,797,16.6769872237942,30,8.611547080086584
588,0.19943174719810486,2025-07-10 09:55:42.379,0 days 00:00:58.796000,-64081.0,795,16.6031329674803,30,8.618451461038966
589,0.19943174719810486,2025-07-10 09:55:42.479,0 days 00:00:58.896000,-64558.0,795,16.6031329674803,30,8.618451461038966
590,0.1992838978767395,2025-07-10 09:55:42.578,0 days 00:00:58.996000,-65036.0,796,16.6116923688998,30,8.615001870129875
591,0.1992838978767395,2025-07-10 09:55:42.678,0 days 00:00:59.096000,-65512.75,794,16.5699544483749,30,8.621895852813857
592,0.20073290169239044,2025-07-10 09:55:42.778,0 days 00:00:59.196000,-65989.0,793,16.6694156838266,30,8.62533504545455
593,0.20073290169239044,2025-07-10 09:55:42.879,0 days 00:00:59.296000,-66466.0,795,16.711457085299,30,8.618451461038966
594,0.2002301812171936,2025-07-10 09:55:42.978,0 days 00:00:59.396000,-66941.75,792,16.6067004169866,30,8.628769038961043
595,0.2002301812171936,2025-07-10 09:55:43.079,0 days 00:00:59.496000,-67419.5,796,16.6905726413148,30,8.615001870129875
596,0.1973913013935089,2025-07-10 09:55:43.178,0 days 00:00:59.596000,-67902.75,805,16.6399687416785,30,8.583721590909096
597,0.1973913013935089,2025-07-10 09:55:43.278,0 days 00:00:59.696000,-68386.5,806,16.660639510301703,30,8.580220008658014
598,0.19685900211334229,2025-07-10 09:55:43.378,0 days 00:00:59.796000,-68868.75,803,16.553866861409,30,8.590709158008663
599,0.19685900211334229,2025-07-10 09:55:43.478,0 days 00:00:59.896000,-69348.25,799,16.4714067525103,30,8.604621902597406
600,0.19783487915992737,2025-07-10 09:55:43.578,0 days 00:00:59.996000,-69825.75,795,16.4701897319756,30,8.618451461038966
601,0.19783487915992737,2025-07-10 09:55:43.679,0 days 00:01:00.096000,-70302.0,793,16.4287552923983,30,8.62533504545455
602,0.20028932392597198,2025-07-10 09:55:43.778,0 days 00:01:00.196000,-70777.5,792,16.6116056600576,30,8.628769038961043
603,0.20028932392597198,2025-07-10 09:55:43.878,0 days 00:01:00.296000,-71251.25,789,16.5486829113452,30,8.63903982467533
604,0.20008233189582825,2025-07-10 09:55:43.978,0 days 00:01:00.396000,-71724.25,788,16.510627019868,30,8.642453021645027
605,0.20008233189582825,2025-07-10 09:55:44.078,0 days 00:01:00.496000,-72196.0,786,16.468721875147597,30,8.649263818181822
606,0.20034846663475037,2025-07-10 09:55:44.178,0 days 00:01:00.596000,-72667.0,785,16.4696478017121,30,8.652661417748922
607,0.20034846663475037,2025-07-10 09:55:44.278,0 days 00:01:00.696000,-73137.5,784,16.4486673586526,30,8.656053818181823
608,0.2012060582637787,2025-07-10 09:55:44.378,0 days 00:01:00.796000,-73608.75,785,16.5401451871364,30,8.652661417748922
609,0.2012060582637787,2025-07-10 09:55:44.479,0 days 00:01:00.897000,-74083.75,791,16.6665666790126,30,8.632197833333338
610,0.20046676695346832,2025-07-10 09:55:44.581,0 days 00:01:00.999000,-74562.0,797,16.7312855394555,30,8.611547080086584
611,0.20046676695346832,2025-07-10 09:55:44.678,0 days 00:01:01.096000,-75045.0,805,16.899228179751198,30,8.583721590909096
612,0.2002597600221634,2025-07-10 09:55:44.778,0 days 00:01:01.196000,-75530.75,809,16.965662636571203,30,8.569684067099573
613,0.2002597600221634,2025-07-10 09:55:44.878,0 days 00:01:01.296000,-76018.25,812,17.0285760950504,30,8.559101333333338
614,0.20017103850841522,2025-07-10 09:55:44.978,0 days 00:01:01.396000,-76507.5,815,17.083918013562098,30,8.548471807359313
615,0.20017103850841522,2025-07-10 09:55:45.078,0 days 00:01:01.496000,-76995.25,812,17.0210324257821,30,8.559101333333338
616,0.2011469155550003,2025-07-10 09:55:45.178,0 days 00:01:01.595000,-77480.25,808,17.019756567104498,30,8.573201246753252
617,0.2011469155550003,2025-07-10 09:55:45.278,0 days 00:01:01.696000,-77964.0,806,16.977628456789898,30,8.580220008658014
618,0.20105819404125214,2025-07-10 09:55:45.378,0 days 00:01:01.796000,-78448.0,806,16.9701405289201,30,8.580220008658014
619,0.20105819404125214,2025-07-10 09:55:45.478,0 days 00:01:01.896000,-78930.75,804,16.9280309990717,30,8.587217974025979
620,0.19999361038208008,2025-07-10 09:55:45.578,0 days 00:01:01.996000,-79412.75,803,16.8174555481011,30,8.590709158008663
621,0.19999361038208008,2025-07-10 09:55:45.678,0 days 00:01:02.095000,-79893.25,800,16.7546257017197,30,8.60115151515152
622,0.20102863013744354,2025-07-10 09:55:45.778,0 days 00:01:02.195000,-80371.5,797,16.778179539344798,30,8.611547080086584
623,0.20102863013744354,2025-07-10 09:55:45.878,0 days 00:01:02.296000,-80848.0,794,16.7150245348053,30,8.621895852813857
624,0.20141305029392242,2025-07-10 09:55:45.978,0 days 00:01:02.396000,-81324.5,794,16.7469891301204,30,8.621895852813857
625,0.20141305029392242,2025-07-10 09:55:46.078,0 days 00:01:02.496000,-81801.0,794,16.7469891301204,30,8.621895852813857
626,0.20256635546684265,2025-07-10 09:55:46.178,0 days 00:01:02.596000,-82279.75,797,16.9065210127261,30,8.611547080086584
627,0.20256635546684265,2025-07-10 09:55:46.278,0 days 00:01:02.696000,-82757.75,796,16.8853083138394,30,8.615001870129875
628,0.20156091451644897,2025-07-10 09:55:46.378,0 days 00:01:02.796000,-83235.0,795,16.78039061482,30,8.618451461038966
629,0.20156091451644897,2025-07-10 09:55:46.478,0 days 00:01:02.896000,-83710.0,791,16.6959609765065,30,8.632197833333338
630,0.200200617313385,2025-07-10 09:55:46.577,0 days 00:01:02.995000,-84182.75,787,16.4994229987626,30,8.645861019480524
631,0.200200617313385,2025-07-10 09:55:46.678,0 days 00:01:03.096000,-84653.5,784,16.4365281207495,30,8.656053818181823
632,0.20079204440116882,2025-07-10 09:55:46.778,0 days 00:01:03.195000,-85123.5,783,16.4640581781368,30,8.659441019480523
633,0.20079204440116882,2025-07-10 09:55:46.878,0 days 00:01:03.295000,-85594.0,784,16.4850850723618,30,8.656053818181823
634,0.20076248049736023,2025-07-10 09:55:46.977,0 days 00:01:03.395000,-86066.25,787,16.5457286172229,30,8.645861019480524
635,0.20076248049736023,2025-07-10 09:55:47.077,0 days 00:01:03.495000,-86539.0,787,16.5457286172229,30,8.645861019480524
636,0.2012060582637787,2025-07-10 09:55:47.178,0 days 00:01:03.595000,-87013.25,790,16.6454964303666,30,8.635621428571433
637,0.2012060582637787,2025-07-10 09:55:47.278,0 days 00:01:03.695000,-87489.0,792,16.687636927658602,30,8.628769038961043
638,0.20194534957408905,2025-07-10 09:55:47.377,0 days 00:01:03.795000,-87965.75,794,16.7912478005568,30,8.621895852813857
639,0.20194534957408905,2025-07-10 09:55:47.477,0 days 00:01:03.895000,-88444.5,797,16.8546908023221,30,8.611547080086584
640,0.20037804543972015,2025-07-10 09:55:47.577,0 days 00:01:03.995000,-88924.25,799,16.7658483032912,30,8.604621902597406
641,0.20037804543972015,2025-07-10 09:55:47.677,0 days 00:01:04.095000,-89404.5,800,16.7868318430951,30,8.60115151515152
642,0.20159049332141876,2025-07-10 09:55:47.777,0 days 00:01:04.195000,-89886.0,802,16.9306260708479,30,8.594195142857147
643,0.20159049332141876,2025-07-10 09:55:47.877,0 days 00:01:04.295000,-90366.75,801,16.9095155645252,30,8.597675928571434
644,0.20218192040920258,2025-07-10 09:55:47.978,0 days 00:01:04.395000,-90845.25,797,16.8744356443808,30,8.611547080086584
645,0.20218192040920258,2025-07-10 09:55:48.077,0 days 00:01:04.495000,-91324.0,797,16.8744356443808,30,8.611547080086584
646,0.2020931988954544,2025-07-10 09:55:48.177,0 days 00:01:04.595000,-91802.5,797,16.8670313286088,30,8.611547080086584
647,0.2020931988954544,2025-07-10 09:55:48.278,0 days 00:01:04.695000,-92278.25,792,16.7612155737242,30,8.628769038961043
648,0.19842630624771118,2025-07-10 09:55:48.378,0 days 00:01:04.795000,-92751.75,789,16.3947530392923,30,8.63903982467533
649,0.19842630624771118,2025-07-10 09:55:48.477,0 days 00:01:04.895000,-93224.0,787,16.3531947299404,30,8.645861019480524
650,0.200200617313385,2025-07-10 09:55:48.577,0 days 00:01:04.995000,-93697.0,788,16.5203879581003,30,8.642453021645027
651,0.200200617313385,2025-07-10 09:55:48.677,0 days 00:01:05.095000,-94171.75,791,16.583282836113398,30,8.632197833333338
652,0.20312821865081787,2025-07-10 09:55:48.777,0 days 00:01:05.195000,-94648.0,793,16.8683288644969,30,8.62533504545455
653,0.20312821865081787,2025-07-10 09:55:48.877,0 days 00:01:05.295000,-95125.25,795,16.9108719385562,30,8.618451461038966
654,0.2024184912443161,2025-07-10 09:55:48.977,0 days 00:01:05.395000,-95602.75,795,16.8517860561096,30,8.618451461038966
655,0.2024184912443161,2025-07-10 09:55:49.077,0 days 00:01:05.495000,-96080.25,795,16.8517860561096,30,8.618451461038966
656,0.2005259096622467,2025-07-10 09:55:49.177,0 days 00:01:05.595000,-96554.75,790,16.5892285852904,30,8.635621428571433
657,0.2005259096622467,2025-07-10 09:55:49.277,0 days 00:01:05.695000,-97027.75,788,16.547230538239003,30,8.642453021645027
658,0.19996404647827148,2025-07-10 09:55:49.377,0 days 00:01:05.795000,-97501.5,789,16.5218062670186,30,8.63903982467533
659,0.19996404647827148,2025-07-10 09:55:49.477,0 days 00:01:05.895000,-97972.25,784,16.417105340104698,30,8.656053818181823
660,0.20096947252750397,2025-07-10 09:55:49.577,0 days 00:01:05.995000,-98441.5,782,16.4575612084632,30,8.662823021645027
661,0.20096947252750397,2025-07-10 09:55:49.677,0 days 00:01:06.095000,-98909.5,780,16.415470259081,30,8.669571428571432
662,0.20031890273094177,2025-07-10 09:55:49.777,0 days 00:01:06.194000,-99375.5,776,16.2784207405508,30,8.683005852813857
